Particle_ID,PosX_um,PosY_um,PosZ_um,MomX,MomY,MomZ,StopPosX_um,StopPosY_um,StopPosZ_um,TraLen_cell_um,TraLen_chro_um,TotalEnergyDeposited_eV
0,-0.18027811852526557,2.1032254762173475,-2.652769971238268,-0.762456945863455,0.2871910908195289,0.5798109028454547,-6.198527810811118,3.638294921700361,1.9957324087548138,7.7578642667994195,0.0,0.0
1,3.598930084217919,-1.633236183346451,0.8815797112741399,-0.05907549629976752,-0.36354214373527627,-0.9297027457554893,3.4552609233461067,-4.676111413929077,-6.2562967240056775,7.919074610073037,0.0,0.0
2,-2.811009710294112,2.4384385992905497,2.6479140957382366,0.7326763418032397,-0.24909211486880156,0.6333549529860883,2.3101234396700367,0.3984534721960141,8.100631071630536,7.794049169428465,0.0,0.0
3,2.6175788954399453,-0.0041719350301654525,3.586020149022204,0.08377813455346128,0.044655813979850245,-0.995483341120553,2.9589917513084827,0.34219186178399036,-4.370435804976771,7.862313444868226,1.8706432811692626,350.7379863863664
4,-3.417772145476712,1.138755896980782,1.9249818772709404,0.7144515680042022,0.46903636541046945,0.5191953822010298,2.157637699744161,5.555915284950417,5.087893358899702,7.943325979755193,0.0,0.0
5,0.04726297487683376,3.619120561386049,1.2806049195436713,-0.04938189505619871,-0.20134910329160666,-0.9782739734063891,-1.3724861018123922,2.2177056350720656,-6.238866180620266,7.780392637513292,0.0,0.0
6,-0.07200586407653252,-3.220196773650455,-1.469214892589063,-0.29476129736688544,0.7909839941442355,0.5361530551831472,-3.304277424361623,2.086780842353174,3.297931967807952,7.7860927282086205,4.913714529778293,2511.439917472597
7,2.8134011283993123,-1.9355473679798225,1.1119998657501295,-0.6025537072257467,0.42160593535398205,-0.677626346287394,-2.0373459978824306,1.2545751632277389,-4.270824715586465,7.821605268380172,4.993067984416106,3646.2111585760017
8,-1.9628047522789984,1.1232834623444372,-3.309277740375112,0.1640145703222257,0.9509303714234212,0.26235595938825207,-0.7025848753730825,8.568686434441767,-1.4789088678844036,7.803864507148704,0.0,0.0
9,2.7604520969930557,0.9731650687267045,1.6053168306925825,0.31609782861945496,0.06508871580422874,-0.9464912159217445,5.396087762510119,0.368483642462936,-5.915638374015213,7.928633281863178,0.0,0.0
10,-3.2762115379734005,1.1202494372314236,0.9468787669587805,0.8469436556874974,-0.41169330598783566,0.33644474419361087,3.4334427083153147,-2.1599198602550063,2.97115749137333,7.721867111539457,4.138766973752336,2667.6951309550486
11,-2.844902876483289,1.759594908434183,1.2779984762926058,-0.11417709226882583,-0.9923963269995276,-0.045968704124466436,-3.5889071349317545,-6.1281188604196135,0.3701295934972988,7.995263338159281,0.0,0.0
12,4.694644425220126,-0.039839455685718755,-1.3729436189715394,-0.6756171379919917,0.26169248646970095,0.6892448950676497,-0.8440452876643957,1.4216186529826509,3.720096901478897,7.733109339660892,2.9451383612402178,3130.149793827049
13,-3.151106716415713,3.0809176776269376,0.462124457440766,0.7380390426754099,-0.43728996959309707,0.513883113149316,2.7513901880543403,0.24767023872692295,4.178885917878488,7.600232769616194,2.043654289536206,613.786269705541
14,1.4303061791631102,-1.8781357538133194,-2.1128582576148722,-0.27921480595347997,0.5494319631709544,0.787504672990879,0.01413774515306882,2.920755401807212,3.6751027297765644,7.59328595306029,5.549717847635339,3792.8797983930717
15,-2.0770157999711647,1.5364441909948683,3.816537747567763,0.7002796077079279,0.3557020938888026,-0.6189381967786057,3.0052924812944855,4.552868768158926,-1.1414548024415279,7.696374021416901,0.0,0.0
16,-4.369395741490998,-0.5647265898028929,-0.843409799065158,0.705889450796822,0.7076100207923727,-0.03175124766019566,0.9370440058830897,4.883631232016035,-1.3100756479289766,7.708860720416597,1.8987524320433833,1687.7176482804248
17,0.6447937658119579,2.6643926640869036,-3.3550802785908567,0.6023975524028136,0.5633110292808611,0.5655067401451873,5.6491963319968335,6.901026570630035,1.1130913969731049,7.84769205598294,0.0,0.0
18,-4.073984119876075,1.2919238796952148,-1.0495914979506518,0.3138690460413001,-0.8667667683852303,0.3875585003069199,-1.8125039045867573,-4.721065309005627,2.3768824535261053,7.718316636550191,0.0,0.0
19,-3.0557246155799858,-1.6024584810309304,1.84419957511537,0.13847115915276068,-0.7939793894967252,-0.591964920529332,-2.041346461906314,-8.142397515443145,-2.5395730802450607,7.872005020363868,0.0,0.0
20,-4.351122599628313,0.4330328039306391,0.45955356027093586,0.5630719117316687,-0.5611828752208304,-0.6066496540654466,0.5124488725147494,-3.3655949856781002,-4.455486586950602,7.848429521818865,0.0,0.0
21,2.152597456102158,3.8461719297140338,-1.2936534681438283,-0.15233508612560862,-0.27263504796081883,-0.9499811325276443,0.9993134025681383,2.076854844370492,-8.975784855237084,7.8621719867897015,0.0,0.0
22,2.190617865234245,3.8658457499486727,-0.4944182708080323,-0.03438482580150172,-0.19694900080353467,-0.9798105811008013,2.983320782840458,2.044073185853308,-7.907220393335423,7.87523368675168,0.0,0.0
23,-1.4867309629907444,-3.9477023712066477,-1.008894413216938,-0.38142081282138435,0.028542393693646965,0.9239607650268011,-4.491854215666351,-3.8784376059012033,6.063677150341581,7.760810946869517,0.0,0.0
24,1.576116333616357,0.0024579445843759544,3.8610275220297643,-0.9079447286161209,-0.04353428300956163,-0.4168226673071439,-5.3823114617342975,-0.12905855674533337,0.18717404560914377,7.863205858204889,1.8938313424038486,1391.8373473921336
25,-0.6379392804809019,3.971758386066478,2.3406620889914938,0.9891714086310979,0.08639935689990234,0.11863842326182947,7.041300141614387,4.845572890751398,3.5795100162299005,7.932622538144399,0.0,0.0
26,-1.9803758727339518,-1.7828244070373669,1.4208933980934928,0.905740384086815,0.17180716384757413,0.387448906418539,4.370005720074338,-0.3734401786806642,2.8279777860094746,7.43929449512813,2.9277940066603936,2347.505011775913
27,-2.742533926141902,1.207014863965106,1.32040152101781,-0.4726900607291674,-0.4910813617315022,-0.7317125136607885,-6.913132553956566,-2.5982592608465014,-3.9608510100446486,7.7984108620798835,0.0,0.0
28,-2.459359762185713,-1.0745107955446165,2.5034524546803065,0.8963539640290424,0.3594078120029143,0.2595680948050051,4.812756830069127,1.6216372886361459,4.142372032075277,7.890291016404656,0.0,0.0
29,0.9246887152241646,-2.6035442285454633,-2.564724062099206,-0.8476324770873798,0.28544932920650135,0.44725592700630706,-5.861745493482946,-0.49840280977763146,0.8577157956254915,7.809994145034544,2.6116355511167066,1971.7718277950198
30,2.4255868905342144,2.397045424843635,-0.14890396112399565,-0.6596780794753783,0.4836097950975067,0.5752794082403994,-2.330532231368193,6.5335638645399685,4.6642895562619,7.823824830104958,0.0,0.0
31,0.8975679673799366,1.8044334177166936,-3.9355173181454184,-0.6158299510751031,-0.7331328380161063,0.28856492021949937,-3.917941443130241,-3.765652904826402,-1.8279773129387489,7.849505417305252,0.0,0.0
32,-0.41589806829372755,4.444148637917355,-0.28700757736193205,-0.44189916222843945,0.6379900626591396,-0.6306296935365402,-4.255610564573085,9.283056308058232,-4.960259159532621,7.852691899208074,0.0,0.0
33,2.7111814634950435,0.6771827538960503,-2.186309543268456,-0.9798557429932402,0.16870805639321854,0.10686587215377868,-4.765447817781812,2.213911167374007,-1.723830724727631,7.74221029273225,3.8988629105680266,4788.257259398899
34,1.1566863033772354,-3.083589147076091,-2.794681124132733,-0.24502806504548305,0.7642279952150651,0.59658764542155,-0.3176682744120576,2.726536171174547,2.19859302500787,7.739311705767301,5.786277696302324,2409.1332620395287
35,2.749561840705006,-3.9945262363403353,1.1659750202516417,-0.15945309787499365,-0.13783814201194017,0.9775353477929911,1.5419125400798928,-5.396631114645863,8.773533118995967,7.885502794486632,0.0,0.0
36,-3.807318189430655,2.4007932925298117,0.5059377801769434,0.5916776586891584,0.7625977101251853,-0.2614618150322142,0.7966399858431304,6.228920913157744,-1.5882965203769461,7.6187383375371125,0.0,0.0
37,1.322739474937999,3.586659241936195,0.1333823233807431,-0.1209165628297269,-0.20607820545187858,0.9710360230553644,0.22076148124983355,2.453225313456421,7.656741106709114,7.893295560954852,0.0,0.0
38,-0.24760211176003288,-3.5450668265073184,0.18157132110970495,-0.06390468631605756,0.620952338223269,0.7812390061446634,-0.9136754826296606,0.9166024965529486,6.648051037179572,7.812275574678748,1.3691548244087546,702.9881216061908
39,-3.229483708537879,3.4053413170170588,-0.8539864865599424,0.9738430029787628,-0.22698164685827366,-0.010446891346791583,4.217982730159175,1.5224485484503918,-0.01910708233683349,7.729191438092953,2.6113044186871295,0.0
40,1.1808866303062255,1.9266250684499457,3.452835390018735,-0.8711943050605134,0.33306531775139997,-0.3606771089787765,-5.3013881351693435,4.339178787930759,0.35012416245297107,7.622755153311209,0.0,0.0
41,0.33718124187681053,4.3613530324966545,2.004628058610129,-0.72094820992007,-0.5599716623507979,0.4082467586853946,-5.113320922244351,0.1422253322271742,5.031058857384036,7.824349581464301,0.0,0.0
42,2.4969835437123065,0.5012164773819813,3.9998780623416024,-0.5361728438782832,0.0009456296058033137,-0.8441076870116294,-1.7466861333168715,0.7840471393659549,-2.481900559008211,7.74328415670003,5.687736146021825,2245.148496021492
43,-1.411528980533114,2.30614813308819,1.8081460451897513,0.6350278801620256,-0.7410426174563799,-0.2181637699764138,2.8921406609775935,-3.836530737661918,1.3892677767014439,7.848407351801517,5.197284475668234,0.0
44,4.236181344186844,-0.8474175989068728,2.0385901743436734,-0.5475467509590385,-0.16609967287060215,-0.8201240480479035,-0.28432880501774993,-2.8491400544269787,-3.9638368363020153,7.708259114307528,1.9685856724909696,0.0
45,-3.7181211048733225,1.558768287564162,-2.7461349584151935,-0.15945309787499365,-0.13783814201194017,0.9775353477929911,-4.367679002413134,0.3489486242167547,4.7837952489055295,7.829312474117825,0.0,0.0
46,3.727301705623326,1.9913992915352134,2.3032297605657255,-0.9032790037976529,-0.0008026321706598449,-0.42905290708713106,-3.6139230035444383,2.6120718359702026,-0.0708608800410803,7.8647151297301985,3.697522585770726,0.0
47,-0.5462265663768483,-1.3806545077831007,2.9419284148327187,0.21782170535766623,0.589681053384952,-0.7777081457422775,1.1763421510339567,3.1383533776203607,-3.4723466863887893,7.849714529560094,5.626442973138612,2751.0216853669035
48,0.10244367538619971,-2.2356661263205955,4.4493185566484,-0.44189916222843945,0.6379900626591396,-0.6306296935365402,-2.6438043869964822,2.6593255924570625,-0.5626353498488895,7.522581007174647,3.249846530937314,771.6841554660734
49,-1.964323070716473,-3.590881785797485,-1.9648142207596007,-0.5315130554124672,0.7625481363955294,-0.368801046101836,-5.85828440359722,2.7253997289192475,-4.330635496566134,7.90908181566897,0.0,0.0
50,1.6525592733006,4.109030722739249,-1.1186543324435423,-0.9129542495599559,-0.26775372901064604,-0.3079325880956928,-5.866533044142466,2.1488801571701956,-3.065156007299359,7.883867519757344,0.0,0.0
51,-0.42182260752040807,3.4816400544835684,-0.8485359349615609,0.6430692652058126,0.2044059414329532,0.7380244787637903,3.6647723132066434,4.9223940530879355,5.258853072356754,7.732960876036244,0.0,0.0
52,-2.448716169211751,1.8877537769459307,1.590478018487567,0.678214139907262,-0.2719385296286578,-0.6826968701651244,2.704990346880415,-0.4818036793810608,-3.5259678099858593,7.800925481563959,5.224898628445523,2343.9817412493417
53,-2.150371723745325,-3.5546243026040307,0.01296336870160143,0.678214139907262,-0.2719385296286578,-0.6826968701651244,3.6109568667843774,-5.968241596946948,-5.13149188772793,7.947169236654549,0.0,0.0
54,-2.432998028145539,-1.3134097728007175,3.0924700169686674,0.7829626226047128,0.4861655600507424,-0.3880883659999329,3.1500938898554107,2.0227687189582,-0.010466991947364708,7.473847370843096,4.55822209094776,2541.453547725189
55,1.7320055818688613,-2.6689040210471875,-3.0867889352492637,-0.7544446514476424,-0.049571719123192526,0.6544890469406014,-4.161489343195458,-3.0243948881652267,1.6522659917435298,7.455518769218588,0.0,0.0
56,0.7494422741646071,-3.934716064265922,-1.147630423258897,-0.6525198294097754,0.7514355281596513,-0.09778813448708283,-4.759269800333764,1.3434473462867251,-1.5623545428134595,7.75768802747518,3.117994828008218,1096.0993547890573
57,0.03575759707634208,-3.9655117443843655,-0.6248257471843434,-0.9037139427547487,0.22184147621837008,0.36617955855006606,-6.565966600335443,-1.926564096994637,3.203353473178008,8.028141167554766,0.0,0.0
58,-2.6852569824788044,-1.5445230337031248,0.003949571093214772,0.7192887326816523,0.6769147114246803,0.1562376154902031,2.881799504964663,3.855718155690118,1.4224653229122344,7.697900461186397,5.512675018434397,2461.3659902842915
59,0.20275646629290872,3.93209517317994,-1.6466315589577938,-0.05669382622228548,-0.7452182629437635,-0.6644061639113211,-0.692458849241638,-1.7240300897838998,-7.190826987470944,7.882196933502865,0.0,0.0
60,1.9895775044753228,2.3269338924122684,-0.6194242281103394,-0.07569858257494623,-0.6450498132393742,0.7603817876803683,0.6110474402955973,-3.1437714107633172,3.5598793167207035,7.43380320860651,3.674026211937694,0.0
61,0.6967279229264005,3.091404232106345,-0.7798591831960014,0.21207893319947985,-0.9292284114998329,0.30258401371266797,3.3259780796580105,-3.6656291402146794,1.395502278038636,7.886479510319564,5.014600423935702,2973.750522838182
62,-1.6435381293610711,3.76676466394064,1.539323972418173,0.003633365442627129,-0.9239353458868534,0.38253140430100735,-1.8292648560387288,-3.8061813054654245,4.332808896879963,7.887043453594047,0.0,0.0
63,0.4917439723525789,1.729757576209978,2.5570517933711185,-0.4886119825744469,-0.6959330696674436,0.5262466085666658,-3.327483622211416,-4.061144951210071,6.224633747830826,7.817467614230504,0.0,0.0
64,-2.9083902866234914,-0.6190574660055593,-2.042048035167715,0.7953187941616985,-0.2715238380899107,0.5419804618269055,3.8150874035058577,-2.7966477535824295,1.7085349492936632,7.884615286991368,4.876920099283415,2932.6626288140396
65,0.3244292406437112,2.4909653444713067,-1.968774737423863,0.4327874722878146,-0.2572984098398112,0.8639979931253479,3.74648447564197,0.45372022162569403,4.690034821801693,7.67039265096069,3.6948355083305304,5867.6954125241045
66,1.75007488002676,4.2491144332769215,1.533900998349308,0.888452344419791,-0.35394341689554387,-0.29219255522905524,7.861391019206333,0.7907890308493127,-1.1031692687246555,7.7447050382914995,0.0,0.0
67,3.601051881103976,-0.16806197003603462,1.6808707314228593,0.08160135204438901,-0.9314987562808604,-0.35447325201168267,4.371678247341167,-7.426010297798446,-0.7676939368992676,7.75985054473782,0.0,0.0
68,-0.6281363658814388,-2.6484145471875293,-2.7364128310602243,0.7299281293068464,0.6335332224324821,0.2565941973640929,5.624501027979899,0.821931582804657,-0.6922460778211342,7.816806607645714,2.8358786583232476,0.0
69,-1.6615454992619638,-2.331400179120565,2.112307418955873,-0.016449522054382104,0.10994775831860965,-0.9938012395166829,-1.3587293966744416,-2.4040748529700235,-5.795628719754405,7.909353158819806,2.5538661733376515,2273.8777001966937
70,-3.570552662147537,2.5069504223163817,-0.6550808555746009,0.4184764793833394,-0.9065607650524742,-0.055000140639802395,-0.6637741161975009,-4.776738040110524,-0.2175615080208568,7.7417031603269235,3.391448092195539,1892.7407996458276
71,-2.8986027514114556,-0.27275421974047404,3.068713800497489,0.21288091473821324,0.9724569091608901,0.09491720584525223,-0.5368752255990673,6.988003180362405,3.3983477125534116,7.659894648793899,0.0,0.0
72,0.6745871055089913,2.9136863791733343,-0.708904825039312,0.9213821947702951,-0.38545495373851846,-0.049792868954404844,7.792932663542908,0.2965860489685717,-0.9017153611797015,7.634041805989256,0.0,0.0
73,-0.38508228423513985,3.4822224362499137,-0.04220202319091079,-0.11540162334269755,-0.9251850077538458,0.3615455251519323,-1.1645551989811873,-3.781411972006983,2.7770137078925186,7.7419360653152705,4.987522868515102,3211.171965904183
74,3.0656200833410012,0.4910588874779332,3.5765665173150425,-0.9610600470423977,-0.14208433347543611,0.2370139830467929,-4.414763906003355,-0.8368173276415067,5.459670854029297,7.742370436204333,0.0,0.0
75,-0.6914881612722129,2.308677627087209,2.1085783499621793,0.4021133723595286,-0.8197451616017253,-0.4078268085844878,2.5439064876493664,-3.7195070265346994,-0.8135145933447235,7.2329960172072845,5.390545794240978,5380.025432383446
76,1.4025735195304432,-3.362739473805998,2.9501209132948882,-0.6078825785995161,-0.5156286026998251,-0.6038260632939166,-3.1772469788443494,-7.557560115246257,-1.8141098490246756,7.8375238984549185,0.0,0.0
77,-0.22357577186116775,2.252354255836296,2.5899023408261677,0.4327874722878146,-0.2572984098398112,0.8639979931253479,2.930975043448435,0.365862392803257,9.649196308950204,7.871653903100625,0.0,0.0
78,1.2988772335492327,2.4674945347083037,-1.6115778994204533,-0.9291379522394692,-0.24682416472355806,-0.27528257739414597,-6.172152524832439,1.181240956923037,-3.6890426742861218,7.798980004606478,1.372830158121845,754.9914819345056
79,-2.932046562207245,0.4634444833512668,3.9341860506719284,0.5513428278650659,-0.827200048492398,0.10844890933488635,1.6815667251552753,-5.441244197463791,4.067102559045594,7.760904865874427,0.0,0.0
80,-2.7671185979728206,3.289180505040921,1.573753048425633,0.7541744354359118,0.5827506358634776,-0.3026922815924389,2.9882074478843266,7.4227552349301105,-1.097065465581278,7.623080163598728,0.0,0.0
81,-2.082677942993495,-1.3179506563360823,2.6401794385604855,-0.28922809503421587,0.9506610567818845,0.11220812876627644,-4.810134390152689,5.865502742659206,2.726726056033178,7.7784395134759485,0.0,0.0
82,-1.2100719509065796,3.4966297889560547,-1.4018338460735569,-0.10752216423550769,0.1466518859574186,0.983327111668973,-1.4067793181261636,4.631223291056069,6.3140857316719305,7.79891001266076,0.0,0.0
83,3.6249020962366028,0.6386364851542627,-2.642131623471237,-0.9964913504484194,0.031633851356613715,0.0774873404488311,-4.020733277855609,2.0059427252807764,-2.421752706127018,7.840851933355977,3.004708809459964,1170.440360672834
84,-2.9251568058933275,-1.5294638498958417,2.3833944952248634,-0.17681459093119514,0.09198132782157527,-0.9799367509007988,-4.757875016480902,-1.3600012719379317,-5.430958996553665,8.016671355215715,0.0,0.0
85,3.1575919169953774,-3.443595616455283,0.7094637566090217,-0.6247276262513485,-0.6490133297094253,-0.43416251664306577,-1.8794780539237346,-8.801469188243914,-2.363470033191605,7.822383324844696,0.0,0.0
86,0.079345772452133,1.6418900398827776,3.9170336501516028,-0.6406823400500763,-0.3301113285004474,-0.693219049034018,-5.346893620631825,-0.4229703261164683,-1.3233564424857875,7.728776158440139,2.614248513235051,1895.2563901740562
87,2.825828325045948,-2.96107428701826,2.7742486685160848,-0.41694586952492957,-0.789189607385053,-0.4509278273532541,-0.30065805448458344,-9.34978686688937,-0.47453767580617334,7.641794466840819,0.0,0.0
88,3.0681853049870256,3.4466832135648144,0.14939026946702985,-0.15921887421056194,0.02995928330187351,-0.9867886255116438,1.1647251637921685,3.279252951447927,-7.413831563195663,7.810313408094733,0.0,0.0
89,-0.1171883663996753,0.44600124203581176,-3.865060838941826,-0.3776906460117821,0.838970791542364,0.3917624112315804,-2.524421715656398,7.297988827059919,-1.3632357376312059,7.790892729857057,0.0,0.0
90,3.855607489827492,1.7609051285988375,-0.2439047650450794,-0.4572413255292439,0.5242502701526537,0.7183954513171208,0.21328215379592222,5.322892354858364,5.64218723363504,7.7188156895584665,0.0,0.0
91,-0.9392763283167582,-2.9135183838308536,3.754544698922379,0.3037895067071988,-0.7448710308162206,-0.5940362640995732,1.3288390502215126,-8.76688574949169,-0.5763247843713943,7.644497209430461,0.0,0.0
92,4.6835009550967195,-0.23869620424178006,0.7174528724790252,-0.887357745815401,0.3794031552143304,-0.26201045161371206,-2.1848179137627946,2.1486974302085984,-2.0818776623061868,7.8147196720359435,4.981310072886099,2984.3105118218036
93,0.08348618479951811,2.2277955984476545,-2.2391699540722363,-0.243306490587525,-0.5556015703813686,0.7950527319792944,-1.9175020361611494,-2.342754676129442,3.985741416313237,7.8189475485601605,5.484995550323767,2544.859234596898
94,-2.2997419785098456,1.058035675490453,-3.0965780905445355,0.9352912128318788,0.06439916140606178,0.3479699630854211,5.353237178494682,1.5903866364660304,-0.7661585623981451,7.911825839265129,3.274043148240662,2764.933371410225
95,4.377718821204427,1.014065809223329,1.132989934338474,-0.42814905085373556,0.9009289296261551,-0.07081987020403306,1.3487673876504847,6.051772356605855,1.9096602954651072,7.421921110869204,0.0,0.0
96,-4.148318217799766,-2.544642180756553,0.588396005950742,-0.4353053188342368,0.8997719534168843,0.03032674131830971,-8.003920444665658,4.351020437903238,1.3021348725787953,7.954078723416021,0.0,0.0
97,1.0475066828187292,1.5898153154226464,3.3147784001670937,-0.03383420885343275,0.8571104710469374,-0.5140203174320638,0.5285691084587353,8.456411415703252,-0.03686390305696153,7.560107010717003,0.0,0.0
98,2.17255132925082,2.611889554161372,3.2230331432376955,0.4607622615822543,-0.43784463383095873,-0.7720040252013196,5.797375710094948,-1.0655006986313642,-2.6237235786795474,7.795754896229113,0.0,0.0
99,-0.6503391138865726,-2.2187338292981877,-3.7319762938926444,-0.24824150797335276,-0.26050834890029806,0.9330120866700263,-2.154968479573494,-3.9936821539892615,3.601863945818061,7.716606790115773,0.0,0.0
100,-1.309319376538895,3.9763421140492934,0.3972601658175155,0.8794811922265198,-0.2784810479868646,-0.3859548398866856,5.588172399381594,1.3645678488941422,-3.0961684999286936,8.029112590400443,0.0,0.0
101,1.85657435764772,3.0267616957404693,1.3134064026648038,-0.9280205514903344,-0.18752555341001753,0.3218882148042121,-5.63415633618158,1.6441069543207234,2.99999077676358,7.923255065744821,0.0,0.0
102,-0.3063906929439637,0.3202985798278894,3.2457540693083704,-0.7402026742691455,-0.4873915113175575,-0.4631949003393631,-6.089892725980166,-3.545962004199696,-0.35854783468083173,7.794303139829491,1.0879569844098418,731.510040579913
103,1.9646271084977798,2.753520962220432,1.0890849298881626,-0.7337153211306245,-0.3376187009903793,-0.5896400938536605,-3.9696916165806746,0.06882302269670357,-2.8944027857141883,7.7054018329173095,4.472700193556265,3191.9636758406155
104,2.230185746167405,-1.2971514256485819,-2.4750313004276863,0.39033666897731956,0.6782847188702152,0.6225488936612477,4.912522904600795,4.0806407152391,2.2491595215443874,7.720383186357584,0.0,0.0
105,-2.6752575676152777,-2.6354439482011003,0.03615439202915065,0.9508239267778045,-0.2669981858456667,-0.15698990101901245,4.0304735881824865,-4.604348216678424,-2.007453938184048,7.45825800892913,0.0,0.367
106,2.364052258518942,2.361422758373968,-2.6791667832238173,-0.9775920764941831,0.02019978762335931,-0.20953687159009218,-5.245035779511675,2.022004914055685,-4.286527842301587,7.826095915459444,0.0,0.0
107,-0.3633066661630395,4.009333442439549,2.4150805703325244,0.5743872381288461,-0.32116690038082907,-0.7529482869191529,4.140098905277024,1.950084543705317,-4.001159833791674,7.965534958349363,0.0,0.0
108,3.36472500216815,-3.1370306368539254,1.07556096944851,-0.7254689909206565,-0.45758565546009017,0.5141109910610006,-1.9696749040983519,-6.765489967121925,5.357975305841439,7.743309937404457,0.0,0.0
109,-0.6237525025148462,0.6095623720779266,-4.359936179710387,0.12032334002525424,0.10888913587599311,0.9867448758080006,-0.6739049181033375,1.658307918174331,3.1282610698224356,7.716616043656401,5.312932111022835,3542.4850334432335
110,-1.7747804908642124,-3.0731226787693067,2.0251717771672704,-0.5985039289430681,0.02048865463990071,-0.8008578288752366,-5.872706365016533,-2.500533738734086,-4.50303641049469,7.899980722134616,0.0,0.0
111,1.919131585987894,2.5372955422315244,3.4299776482216497,0.030437978625595587,0.445905935095401,-0.8945621423377383,1.4868253201790234,5.523186614094459,-3.8848075445051755,7.848793425165511,0.0,0.0
112,1.6922509188735206,0.458602322461982,4.6282755062735035,-0.013874837735014911,-0.06102561065242291,-0.9980397605918945,1.5608023608376975,-0.5836664468286559,-3.1341635257024043,7.8417295718337945,4.840391197286437,3064.4159327301313
113,1.9167897288582418,2.638764384250817,-2.67967134620405,0.22865155655997552,-0.8249928873345058,-0.5168222146252771,3.7235777397726917,-3.6433278355499943,-6.69853664888265,7.673883042059121,0.0,0.0
114,3.049360332859724,-3.1786837934068024,-0.30553929010193936,-0.9523916969923178,-0.08901411809306048,-0.29159311082432626,-4.476799363343714,-3.9098723364741117,-2.5198431097481233,7.801181216642329,0.0,0.0
115,1.51878448812252,-3.735366882282003,-2.0786361877426387,-0.295822944534212,-0.1765602561464278,0.9387839269164212,-0.5859429921093463,-5.625275083306626,5.1498682154875794,7.768051805498552,0.0,0.0
116,2.031809757568206,0.38489920736672356,-2.3144575544368586,-0.43482464425208855,-0.36124419696089116,0.8248819060405711,-1.6538030303096247,-3.0757978606613503,3.8619708250606317,7.876338933141744,5.471363128195643,2636.948513042425
117,0.9854284913499998,-3.8201957083561853,2.8474242234677574,-0.46122990624740373,0.8134301613762525,-0.3543985696167738,-2.45744912694643,2.1960831955929256,-0.12705825083037978,7.62876918121929,4.807743064863572,3839.449455505883
118,1.1827580009421796,1.3628286549008712,-3.000806567787159,0.1803139697483915,-0.9007672642224023,0.39510151609284555,3.3891477393028833,-5.475950020448396,0.18615542465689996,7.7433813121301664,2.4044982879165926,758.6598458223074
119,-1.1552746919423436,3.263234462744103,1.0668190341604862,0.4749457274814737,-0.6370324028417829,0.6071377715780153,3.058580843944557,-1.1344698043954937,5.641812191276456,7.7186358203071785,0.0,0.0
120,-1.3340669123205147,2.5715352722460496,-3.7430958822725042,-0.7743340145689894,-0.22836515072748156,0.5901323510998926,-7.446480350712151,0.7003323764057239,0.9144176619478519,7.829331427826732,0.0,0.0
121,2.214363106739952,2.3058440197940593,-3.1091304161788096,-0.8322238036025014,0.09035411733598064,0.5470280378534733,-3.2520261028099,2.8741608793795446,2.1015344186343907,7.791237919628924,1.0132382644592715,0.0
122,-3.5310929786671004,-0.7043773254148714,-2.9268057069368005,-0.016762814673705315,-0.9120328595951359,0.4097744148466744,-4.057741791730749,-7.711115573471515,0.7618611634083287,7.794918333183451,0.0,0.0
123,-1.5491641950100368,-3.039427513665131,0.10722197304034636,0.40349848379869757,0.28245843338575266,0.8702908749271239,1.6332207367671758,-0.7176413416897872,6.627129288901952,7.740446043649174,0.0,0.0
124,-3.5386199081673126,-2.0204982996827,0.4109143148066696,-0.4669865815139895,0.8753369386365318,0.12533465819278714,-7.793019644379586,4.686752711225329,1.6284844105361482,7.9472439370488965,0.0,0.0
125,-0.49736757049460223,0.5728705637038958,-4.816440003371601,-0.6419488689692511,-0.31845354193196135,0.6974876280337078,-5.0586036061489414,-1.7454586131146768,0.9296424010612641,7.669378445600335,0.0,0.0
126,4.2040130299169265,1.3452564873030155,-0.9375344106718698,-0.562300011433502,-0.23289679825989137,0.7934593741976808,0.6557475505823398,-0.5607320266744042,5.627549496601084,7.786491042555,1.2564942628868887,0.0
127,3.41158087823391,2.7881314638059207,0.038014102394193644,0.6005619004769144,-0.7970500304953518,-0.06353465654991532,8.518278446441865,-3.0871324691517263,0.2606190038114441,7.932701623108893,0.0,0.0
128,0.8010198068215556,2.926712974796969,1.8079872024798775,-0.7558889461886904,-0.4584374988685319,-0.46740449362507835,-5.233995649462958,-0.9937292796935049,-1.4500472518909053,7.8051111260035135,4.002688663279787,2112.0548924655736
129,2.585955901263371,0.3501482829907064,-3.715779762543005,-0.8801865766107763,0.012823432134585835,-0.47445458153809816,-3.174813464266587,0.15016598502200237,-8.5163460745083,8.003149709478967,0.0,0.0
130,1.226312838879456,3.8025155928217584,1.334517873581948,-0.6440636771296615,-0.7641711739654936,-0.03499138011594549,-4.516258636311631,-1.347917851799909,0.9780081091191579,7.929947890668962,4.06717032587104,2502.590654310059
131,1.1734136329209606,1.7187005370406512,-3.443484545167355,-0.8628777533722425,-0.32529914010540656,0.38681061539460715,-5.922249933655942,0.5474333250800838,-0.0835693869020157,8.010518240831582,2.219167318657002,0.0
132,1.0534177302884116,-3.4115622458581316,2.05583935675095,0.4160161101846098,0.9065942520166368,0.07083401920872051,4.800403886122322,3.5395109804701654,2.250388152451834,7.881957098979953,0.0,0.0
133,-2.0017896035373846,0.3838958974856163,3.1957990086481267,0.973137035396098,0.22034116195722359,0.06673891434413877,5.5321459361464145,2.4094841480443097,3.312504635386402,7.75170019702089,0.0,0.0
134,-3.2628930373147083,0.9588696969895938,1.1555389326414696,0.7838311383547759,-0.1313207378048755,0.6069296585007516,3.0701078599880227,-0.044357057506300444,5.768293960578164,7.862872303019827,0.31875255299747196,119.67369613677602
135,-3.23605984494527,0.3434039451814743,3.1146255691675067,0.36963719543444384,0.23764255052711453,-0.898272988534291,-1.0090261685443205,2.1846478194924934,-4.1294002308747535,7.870716952488907,3.6272427720667695,2082.5447667962585
136,3.2266063832099308,-1.7702156726246543,-1.5147518559297164,-0.9200907623456752,-0.1943721124885408,0.3400771543824964,-3.584989556742147,-2.836380801476407,2.090861672042806,7.816311478880677,3.2567447851158495,1961.3455192765232
137,-0.19267710130829818,4.798097811701397,-1.3478213314351453,0.3098375910011881,-0.6766305057593014,-0.6679609463722355,1.5951120798036666,-0.5143780702353073,-6.792485103528287,7.817938717201027,0.0,0.0
138,0.47901563262031,0.873053071986916,4.703068568707464,-0.48976288133320756,0.058608093672587194,-0.8698835619922128,-3.1638457002765326,0.9583995714157293,-2.361226958682048,7.877649202833125,4.194412472860379,1983.8131305618115
139,1.6638790077940686,2.0194285698905863,-4.234305788638256,-0.30087354973057523,0.3592729113606949,0.8834014275712563,-0.828740997340077,4.4098358116837995,2.965241190689037,7.806371853935541,0.0,0.0
140,-0.7374749920469508,-3.8242988901370265,1.6290928854294962,0.4888511169955746,0.4150350713127276,-0.7673138047713062,2.721650694490483,-0.4113097989226543,-4.442600601626542,7.822012922275897,2.395555621832232,1914.086661819585
141,2.510123106580482,1.7264469784468661,-2.5747682633504487,-0.1716605930152618,-0.1013961876706787,0.9799242082587312,0.5481562912481555,1.1982736639888818,5.0317243512839305,7.89223392813507,3.2881134418144997,1329.9832751429142
142,-0.29103157410732783,-0.061569073189872515,3.757046849437023,-0.16563787584451112,0.2461559910327274,-0.9549718960076334,-0.8869788629784717,0.9722074732984883,-3.7111561328773948,7.94975531288032,5.274800205970684,2864.803786001759
143,-3.6989290444252614,1.4302996639662857,-0.18372048724124015,-0.06544839710977246,-0.0904995300648178,0.9937435999158982,-4.282961954087557,0.01086030501103452,7.572064381498109,7.865338635054224,0.0,0.0
144,2.122780506181904,2.916072391265387,2.1436789511388565,-0.8390284423523976,-0.2674493923776579,0.4738165208606926,-3.2421814540284277,0.08278898622084262,6.166004196439843,7.791721228352192,0.0,0.0
145,-3.978422627995407,1.7490455145453683,-1.4131466080284383,0.8182195118149452,0.4624734874753001,0.34151881919997673,2.237983604491388,4.95610191419003,1.8434701712135275,7.739207018769426,0.0,0.0
146,-3.7458966173854424,-0.6287755221541069,1.2112458564036668,0.7908710402513338,-0.5549037306114432,0.25807914957484696,2.2231827372196604,-5.011806603202302,3.6990090607506283,7.894296677266941,0.0,0.0
147,2.110638096296165,0.9050078676978465,-4.0589472214743,-0.21791390084126505,0.05326888708266905,0.9745131900026378,1.18356198823063,0.871788925994377,3.814397270502624,7.837224648449433,4.665505498531354,2305.5952440870874
148,2.7082291963641207,-2.6236923822609532,-3.0908362383313905,-0.041019118039347276,0.9943175553820569,0.09823457138057148,2.5576710681329526,5.112334884970219,-1.2890626370078155,7.990367905673662,0.0,0.0
149,1.9882855297492086,-0.22594354048940749,3.4881418197102874,0.7618330674913326,-0.44224080354220424,-0.4733217182415066,7.012488951697047,-4.277999823014074,-0.21277490939353252,7.7833574213124415,0.0,0.0
150,-2.461301175738635,2.4917530952171916,1.8042663354712039,0.6574836512379484,0.41203415256219195,-0.6308273182711512,1.1469815983058536,6.0139878766783355,-2.7531038616993873,7.515701745040775,0.0,0.0
151,-0.7208692430612137,1.3722193814539385,-2.6115402303692528,-0.8742926941311074,-0.3251976978707624,0.36035918510359394,-7.367803072579585,-1.2136103779045202,-0.2841210587103636,7.781880232283392,1.1519835777967533,1002.8911835956499
152,1.6582874659944553,1.650821586304958,-3.1248808253236606,-0.5500549179552746,0.5143071749241714,0.6579724287952604,-2.7241689209395954,4.745723718208595,1.5728693970685206,7.421977228404303,0.0,0.0
153,2.1149515465908935,3.917244838357756,1.1945670260818724,0.42434784758730965,-0.733014475314221,0.5316189267020454,3.8732145944886116,-1.8953336264928513,5.193937575563312,7.7385991669683,0.0,0.0
154,1.3264610504440837,-2.730339987941268,2.844429940059457,-0.7301744822290631,0.6144975748935508,0.2987272266658409,-4.690457906779831,1.160364580568692,5.408834414104392,7.6903058930375385,0.0,0.0
155,3.1044633171157856,-2.4722253377657433,0.4874340324347052,-0.6325232067698106,-0.6967792934917998,-0.33824992100324874,-1.234377743499599,-8.001829982727244,-2.4323281137190835,7.704382200404531,0.0,0.0
156,0.04329654735290993,-1.5483237414585946,-3.6237579200318537,0.0337351729872136,-0.8552316184399326,0.5171468040355045,1.8278756561279907,-8.06636279464487,0.06464066266829974,7.774362313021869,0.0,0.0
157,-2.3459339284311396,-0.18008227422149206,3.8665878266182303,0.965076614878926,0.10562013457663488,0.2397321726132033,4.940178511823774,0.4310239395726545,5.0336648205803085,7.839602163332518,0.0,0.0
158,-3.6600914438561296,3.255776123764259,-0.6482344420329466,0.5977139466252892,0.7257745134849223,0.340572156209731,0.6939911353121709,9.00780687807565,2.66026560479888,7.854247620603893,0.0,0.0
159,3.6623148243538934,-0.40889329848980366,-0.29524041406636004,-0.521711176896565,0.16396864918426476,0.8372166565387293,-0.8256961804515712,-0.04005653736587091,6.3526397341423975,8.003289702982528,1.037473788852124,0.0
160,3.206549197774652,0.173026530908475,2.422511018008359,-0.21393766027551064,0.9053957759350911,-0.3667276461282059,1.6920592118615378,7.529915542241765,0.02979285039295227,7.840002261553727,0.0,0.0
161,4.016631592136244,-0.35716823641484996,2.6072089908759857,-0.321340388922145,0.5334125654806705,-0.7824393838724468,2.2244593750500297,3.6909845293179013,-3.7257390487256012,7.704839597661738,0.0,0.0
162,-0.7962476400961798,2.082581728766246,-4.155984781102662,0.9619639190073818,0.05410322766538579,0.2677653063489502,6.232910134471235,3.9901004255993864,-1.7583741904151813,7.856195699967016,0.0,0.0
163,-0.918881325811727,1.6800054718904815,-2.516382674851657,0.9509892100967878,-0.1074575567494704,-0.28995240260587957,5.312447768156311,1.2732340241689413,-5.6813719114067895,7.702361779874399,0.0,0.0
164,0.1236462390202513,0.7362673098225463,3.5407985349535225,-0.7699906501375327,0.581932109488721,-0.26166661737177555,-5.5268408234594,5.5527230759345985,1.0260585010206071,7.810048045025443,0.0,0.0
165,1.0853686024874951,0.8771925969781922,4.048717209417924,0.9401340610018971,-0.009216999126486502,-0.34068019354107415,8.66438480525855,0.3688117949469795,1.6150996269094349,7.924554933327995,0.0,0.0
166,3.6817238870187237,-0.26773825041478794,2.494434372289708,-0.8169831597396289,-0.1964741667805359,0.5421590343153442,-2.9753777373715073,-2.386389851007007,6.368148204417637,7.930407169122511,0.0,0.0
167,-3.1556855164593656,-1.155138062015516,1.4848919624880212,0.5360399440070935,0.7837157330833658,0.3137687494739953,1.321314235524745,4.298731677858735,4.91476035291019,7.8988253035839495,0.3956563236246824,0.0
168,-3.7226247025752963,-2.0627540480272537,0.29303275701789877,0.5070569328998991,-0.14219206240202975,0.8501027491944751,-0.5327215528769862,-2.5870924915947673,7.434269834493441,7.826336134791185,0.0,0.0
169,-3.123170727475092,1.9617003256639904,2.1788173417186423,0.3254335473202445,-0.9444492181361659,0.045920372826745104,-0.6626975682969445,-5.584645112718718,2.2165803557762347,7.878546829425705,0.0,0.0
170,-3.556328308220734,-1.9155232679357528,-1.806798448854305,0.393262632529811,0.4905274729235807,-0.7776421414525634,-0.6178931248930486,2.1272207861254055,-8.063282096154111,7.807414833884823,0.0,0.0
171,3.6832688444238006,-2.035032231988349,-0.9228801323025473,0.3787948490116154,0.6357005939509374,0.6726062869262323,6.394496343417999,3.3545483308675617,4.329260501077776,7.827695463324746,0.0,0.0
172,-2.6230758039262274,-2.4767053738140006,2.367399164221945,0.2969476219892845,0.01883942855124482,-0.9547079059726967,0.35293118439511956,-2.1420072492228073,-4.88957249110608,7.84876369004797,0.3060117129813617,0.0
173,-0.7902819497860496,3.4151142420006417,2.8754337623438007,0.393262632529811,0.4905274729235807,-0.7776421414525634,2.7729238156918568,7.630656084175139,-2.808741897313721,7.93736651392613,0.0,0.0
174,0.7363140312822699,3.3601440068723405,3.327522615958817,-0.12657070138280982,-0.7009735909489697,0.7018660002760998,-0.4736740106944887,-2.4155140894005616,8.212719288409033,7.7585334915106445,0.0,0.0
175,-3.876879485636218,-1.266983342014805,2.490037992741449,0.4356251267317416,-0.9001119139974798,-0.00541213818631308,-0.24500556553314876,-8.331175235709074,2.4039440145650763,7.860804843726572,0.0,0.0
176,2.672740257541794,2.3258156331132693,2.1536037549566243,0.755067773192916,-0.500809389676193,-0.4231579056305698,8.509096339766193,-1.3081892888247213,-1.6967081926926033,7.8310015702476425,0.0,0.0
177,4.434535446824243,-1.7381345300107383,-1.3866109508580124,-0.989222168687715,0.05183913250191875,-0.13693869182310275,-3.2831522516086755,-1.2195534644731212,-3.1140789779443314,7.812374527652985,3.16651179786291,2436.4049997996176
178,0.30508569284895376,-3.4574140844681707,-0.20612446727112144,-0.2631389440384891,0.505988100136998,-0.8214219005176696,-1.3548771860613298,0.9226745600612618,-6.195461615998804,7.784164801134491,0.0,0.0
179,1.1162736269620759,-2.3365556565660675,1.5304005281619117,0.6421037641137277,0.7531404383186509,-0.14311616358809043,6.886967000025501,2.9117253981191022,0.8499510911865896,7.885929982761328,2.39123918031304,1687.6240567730433
180,2.8773737124436902,-0.4300238175230328,3.8069833060107574,0.19392911750505099,-0.69625890129388,0.691096982885001,4.379862855697786,-5.791924017821848,9.103649097580893,7.848277686425536,0.0,0.0
181,-1.8871288064976217,-1.57081151532627,3.4343356922326262,0.6095521024291122,-0.39584504326121017,-0.6868427302882224,3.1577274154141723,-5.166886447236793,-1.2734064113598973,7.822285221513212,0.0,0.0
182,1.7063444111811628,3.999914720334938,-1.256549681118572,-0.1660859753813652,0.0820068102371062,0.9826954420655242,-1.4972530077502133,4.2578207837742195,5.336797289590927,7.771890742866473,0.0,0.0
183,2.4400638617948154,-2.188790058408479,-1.3275394925143347,0.08510939569454641,0.5331870154696144,0.8417054100450552,2.967162995389586,2.196649543992901,4.496066465847503,7.628748648045855,1.6931478109587457,429.1529483894149
184,3.5296008122844595,1.533831640260045,-0.5361678637655982,-0.925638493900371,-0.19783750674427011,-0.3225735567821143,-3.1655675929470206,-0.3248570496658789,-3.2322560923383548,7.646677301025877,4.516047785683722,3252.526980896767
185,-2.860148189963878,0.7946301771373485,-3.2094642082175806,0.5567087225826638,-0.8102880424817204,0.18305378010716045,1.6830264135024267,-5.6416280402363,-1.7017635367862147,7.906044871718084,0.0,0.0
186,-0.9134875575742124,-0.36570708568223437,-3.7789876711842103,0.1384644297351707,-0.8864124251957423,0.44170195172391613,0.08875313573097177,-6.902468959159754,0.09570955481265336,7.6586966612271805,0.0,0.0
187,2.5687548253242154,-0.941608544141955,-1.957386396484657,-0.7157934049715232,-0.2922695044862233,0.6342068575367588,-2.67399335352999,-3.568907860494258,3.0192726584382954,7.659269239785376,4.5172640339466845,1804.9709870855288
188,-1.8132802937549684,2.993249316634582,0.5889323603634865,0.7395985911500238,0.505811786075811,-0.4440139198670441,4.495882589304585,6.403711699852258,-2.9311938580060923,7.867957691820131,0.0,0.0
189,0.8274705604782794,1.4114724764110094,-4.0683485265936845,0.10914051922437336,-0.5616178714559431,0.8201668815093244,1.8652009199123072,-3.019385422593588,2.179070072297985,7.724526309055644,4.582780856434281,1463.0310345566015
190,-3.9593932092502633,2.568519729940337,-0.8525833408979473,0.10995760304124783,-0.1936439582376822,0.974890426135915,-3.3479146710847068,0.63405145641692,6.563270090008459,7.774135970061197,0.0,0.0
191,3.1216181686586872,2.836315232891764,2.650360671613443,-0.8816202191098084,0.23137797007277033,-0.411351460702132,-3.4859936563786413,4.6659040786960775,-1.1207472369816605,7.777354071904278,0.0,0.0
192,2.5592373547767515,2.9720577705989477,-1.6358088509790885,-0.18307524707674644,-0.8856261412445651,0.4267901028047041,0.7965662350635051,-3.7162768557152677,1.9231988213405729,8.015164742220142,4.462480610423174,1787.9509601245675
193,2.5112821146950415,2.9397526791951605,-0.17009234571976806,-0.9241380933526626,0.2627868701744965,0.277329849238047,-4.603715424347876,4.9082862658701005,1.6283957317827136,7.578387158839121,0.0,0.0
194,-1.4996093357532507,2.6328331524094524,3.5302476803794223,0.1651577886403651,-0.8994647918857946,0.404581256374129,-0.9249442320304024,-4.195730534554554,6.117883897716014,7.639556257733002,0.0,0.0
195,2.9510136087381125,-1.9385224014329157,-2.9297542147705475,-0.1608501342284903,-0.3322392764934806,0.9293784468523925,1.2704322859703012,-4.87206842852805,4.081715579661896,7.732640845328151,0.0,0.0
196,-2.7374458022510573,2.4423214318501056,1.6750280264298003,-0.03783806964204891,0.3446901545978489,-0.9379536117575722,-3.313769304390819,4.39774558421823,-6.0809305253847885,7.964752674822311,0.0,0.0
197,-1.0896390400663776,0.413035535791663,3.1342153856930817,0.2856286167067564,-0.5781484407877313,-0.7643040453464186,1.3629291291994439,-3.888966159156149,-3.0022515252896214,7.783471678865092,4.88241076481431,1959.7831475482221
198,-3.3320303192864853,3.012035080315222,1.7588449779088695,0.8364478869629528,-0.5479764465481232,0.008760503621568385,3.036446962490284,-1.4548951619379795,2.7307453590112556,7.917612255568085,4.172519698064405,1398.6022964897506
199,4.122168359355369,-1.2567203072561437,1.9555775430378872,-0.1033028149249752,0.9838600115555881,-0.14610956878457562,3.4523042716079977,6.387610267727552,0.5923191240213618,7.861971955880144,0.0,0.0
200,2.8773737124436902,-0.4300238175230328,3.8069833060107574,0.19392911750505099,-0.69625890129388,0.691096982885001,4.711832936907308,-6.480505492072333,8.44448685128704,7.871239668424743,0.0,0.0
201,1.3469037638534898,-0.5272687352682969,3.814518688599262,-0.5948698033128416,-0.8036982685158237,-0.014107100737156932,-3.7265497950743054,-6.710234779885322,3.6272631161804094,7.881469553013963,0.0,0.0
202,2.519443997462723,0.0812388222043346,-2.0559239516567525,-0.6712517351236534,0.2219550325390465,-0.7072178388757424,-2.2793891002113966,2.1979711421064336,-8.047939227105738,7.903456737443566,0.0,0.0
203,0.646619402995982,-3.911537442923778,-0.12433441266366524,0.6795190283853508,0.5653414594627854,0.46759269057024044,6.0456761736801194,0.4774837925629443,3.11861524873591,7.679049992953395,0.0,0.0
204,-2.286168970955634,0.31558391942185343,3.1743561836625744,0.9948960462491674,-0.032892221975723,0.09539370467318317,5.411622057717565,-0.2499877566171265,4.246893023274405,7.880245706496184,0.0,0.0
205,3.377963350278157,2.8832492027214336,0.5086069159622538,-0.5021339122401363,0.5774736879181747,-0.64372795025585,-1.8952750904505848,6.722080300271367,-3.0861152194850128,7.647022913845181,0.0,0.0
206,-4.339059650568037,-2.3004813972456715,0.13556694529742044,-0.0724175205286884,0.9613177668651786,0.26575148885720906,-5.239201738952833,5.281627890272179,2.4276319812997085,7.870979200745113,0.0,0.0
207,1.9209710092121441,1.7823802574782084,2.2976033066622756,-0.8332342877888572,-0.25407878128178857,-0.4910851194603203,-4.271315987375077,-0.8517036890472617,-0.8001336982353833,7.793499093037791,5.0096558290086,1879.254056735152
208,1.7687777040129418,-0.8040928288353618,3.2467518011202667,-0.11343529231716071,0.3983480034296635,-0.9101930029507596,0.9163505830961292,2.126670690481946,-4.103716387081168,7.832936481771972,4.9144600530286375,2702.9604645875515
209,-0.8800012407457686,-4.69131469366536,1.240005501635121,0.2955710778693472,0.9519863605251621,0.07974777301723739,0.30670271369863794,2.660000237922842,2.386156409783693,7.724276176442619,4.718629487132782,0.0
210,-1.3566318231854075,0.5969989449986071,-4.281573243091369,-0.043510669380967426,-0.3528465254159917,0.9346690062005277,-1.4604857281792247,-1.5867763824072354,3.152885415342447,7.689573709218018,4.654480075698263,2715.9617940137714
211,-1.990802407850975,-2.770409809307495,2.9246666095150995,-0.44184740451322146,0.7965500684941509,-0.41264859082140704,-5.379948162060292,3.71647119548864,0.5669872818537837,7.761729939109311,0.0,0.0
212,1.9001420585743054,-3.000494127515877,-2.3835706050191825,-0.8208394783710156,0.37495392973550584,-0.4308504396231954,-4.7477280888677305,-0.2354991377910704,-5.982806823020501,7.917316012201095,0.0,0.0
213,2.895103516620639,2.197651488580897,-0.3970694233452294,-0.8059482519845722,-0.3216283290584287,-0.4969935945966463,-3.0324113209680674,-0.37745300296797557,-4.74045170469371,7.705804049807076,3.6219543268097385,1902.8002492817936
214,4.4740152659602375,1.8313167133034152,0.42872938959499984,-0.13564163048674385,-0.6400911899108552,-0.7562305314369444,4.153206538609063,-2.647010061509527,-5.206073958190917,7.530284675778554,0.0,0.0
215,0.6167171673087998,2.552187827521075,2.715592431739743,0.04647002160997034,-0.8561202442721687,0.5146830718402648,0.5411974972218561,-4.277026207919082,6.622278042027983,7.805130217033311,0.0,0.0
216,-2.19963397467044,1.3219417868655488,2.3384916900405894,0.8959175061499268,0.4189797038693149,0.14760701175647875,4.4609515100174475,4.944347424062222,3.204931596434995,7.789552858218371,0.0,0.0
217,-1.5478140873572876,1.3990582024064988,3.7437546608499734,-0.8555621212653779,-0.043120724423731834,-0.5159012112614775,-6.289471920831735,2.9179721512985566,-0.5394912408330511,7.654414404387832,0.0,0.0
218,1.6120512507999347,3.923566493329823,-1.5196731307963283,-0.7771206589514975,0.26439375908016943,0.5711211969365589,-4.311373143342895,6.711832647830816,2.2441024995090895,7.840701371657725,0.0,0.0
219,2.472155045910297,2.550585790969013,0.854111334004418,-0.9609292391271198,-0.25377214344614746,-0.11052011853650394,-5.018549841527747,1.5699033925459749,0.458612214592914,7.738779007645083,4.3250846584829485,0.0
220,-2.9072975817078817,3.279409767272485,0.3840569638375309,-0.322583479763409,-0.7760422834987725,-0.5419393626649951,-5.361011363542801,-2.4419020716083217,-3.9700422234140964,7.589906708482939,0.0,0.0
221,-2.547960917294453,2.9313986641442837,1.5453896751901188,0.5715905944856607,-0.642787399086265,0.5100083841187747,1.6037582301755684,-1.6113039537724407,5.137049097135934,7.415769279033462,0.0,0.0
222,3.742750407362257,0.9230758309246533,-3.18246533680953,-0.00708896142053206,-0.9993842419083815,0.03436398770789068,2.847638616504414,-6.718112100451584,-2.9732234991957682,7.844423934026143,0.0,0.0
223,-0.6013552495418001,-0.9117728214366453,3.658246574644253,0.3167809402156456,-0.9221248796796605,-0.2221160556823018,2.1230582867547927,-7.820254510833201,2.3018993983004483,7.696558884367656,0.0,0.0
224,2.368518462105787,-2.24095932205656,1.8708063427808328,-0.04609625179848936,0.9881427119826682,-0.14645516831326916,2.401304062073431,5.322717094340042,0.6730163604201584,7.760310534414995,2.4001623117735367,1857.8273683969617
225,-3.8072645766990014,1.2736720534164236,-2.249273603459359,0.675392137239564,0.053865564688958645,0.7354889271061213,1.2560256869372501,1.8610612485202283,2.914965133494201,7.691340380329351,4.172258244509975,2868.9899109862686
226,-4.443842389592729,1.1870126282027724,0.797306833803884,0.986785748543804,0.11927185501150331,-0.10967274535161126,2.5924380918061822,1.6863059057107508,-1.7275683256834704,7.707903479737743,4.889676070861509,69.49944506220854
227,0.04807664612139111,-0.7807592371496714,4.529894356936741,-0.3479766378391068,0.7389308926857405,-0.5769691459279653,-2.133774158121039,5.113975455375896,-0.07243695200919728,7.790535531255544,0.0,0.0
228,2.2091163876723607,0.14446212387924107,2.1251682084255155,-0.6386484590716578,0.6096086635011048,0.4695800497357123,-2.8123111899550945,5.260568596560584,5.767069186519589,7.9726615857185195,0.0,0.0
229,-0.31701833806049823,2.636775856693249,2.7661546977451947,-0.6447333954127189,-0.7494969065636721,-0.1502439213115557,-5.368202399761728,-3.1576974148295696,1.223674596704976,7.959892058728875,0.0,0.0
230,-2.243887821077944,3.6805799874172025,-1.6077977668649093,0.9220290069968977,0.3711788717037225,-0.10994887656118416,4.979443988531797,6.003392877309412,-3.2165887112182765,7.871360255590117,0.0,0.0
231,0.10683682664878424,1.002914749072114,2.9164952477011963,0.7608844047932596,-0.34915843491939974,-0.5469399508785605,5.621510339867305,-1.4758768455815445,-1.4062433315394545,7.747564205618762,3.307673381991656,1671.9658345800556
232,1.3931011153110133,0.5789879958013694,-4.3870154167996125,-0.6960657921951324,-0.7159820490732678,-0.053498769524237794,-4.012279820103641,-5.351843053082604,-4.958037498340045,7.891006105593883,0.0,0.0
233,-2.2142237927145474,-1.5963787954419324,3.001738622353226,0.6295454691032993,-0.6352460657131697,-0.4473644356980627,2.64188560196629,-6.374768547857624,-0.6586131720534988,7.755288676079946,0.0,0.0
234,0.3851894968847707,-0.23632585231262576,-4.674345112350809,0.2975194903746536,0.7776126932297955,0.5538958856816957,2.1870195986640333,6.161515340772957,-0.372879231927966,7.857965955790988,0.0,0.0
235,-1.3186664297492234,-3.768036118416231,-2.387424344257288,0.06913100811004383,-0.012144200892972856,0.9975336696585035,-1.2371070525523842,-3.7829511601877353,5.4939303931055,7.771209699769275,0.0,0.0
236,-2.358993505873595,2.5875206812733103,-0.6900916735068248,0.6385357396288065,0.33046719086809906,-0.6950277296456886,2.725794998624126,5.421392206097761,-6.237791973584972,7.962254711579195,0.0,0.0
237,-4.350060320812968,-1.212719565153014,-1.0715166584913787,0.011335008848298217,0.05464469859252936,0.9984415228195093,-4.69434486532847,-0.48647301447734964,6.761731743172912,7.8570518751643,0.0,0.0
238,-2.404880709482404,2.3233232444498166,3.1402884303869825,0.460901140925134,0.7807831575652907,-0.42183859372547255,1.2799126042357158,8.285494786486943,-0.4064152819863701,7.7009971860923025,0.0,0.0
239,1.012528924471699,-4.377078942645958,-0.005818066051607396,-0.3552267500335743,0.9335502341934302,-0.047936586215293474,-2.6539250824101797,2.3478705592310245,0.13514169063801085,7.88030806890987,5.564685561473776,2438.8164779568465
240,-0.5165569465846281,2.7541459058655455,2.799972995500021,0.6754731911485474,-0.40639173623814207,-0.6152899517763527,3.9228546400569857,-0.7240095806429956,-2.2992381205131807,7.731094546410255,3.683425639248895,2144.616121158843
241,0.3686446651643311,1.8397656753240992,-2.4557619177605874,-0.0019299025067138348,-0.903841572571206,-0.42786293035074224,0.3992418329855301,-4.883852974193,-6.760810697833888,7.892382524174148,0.0,0.0
242,-1.3102185752540954,0.5794937250678834,3.912920435217155,0.12564356964288026,-0.9732015954236014,-0.19259373840380153,-0.6210562271049549,-7.16302354753121,2.6889824985005353,7.8373378501956354,0.0,0.0
243,-1.673798358900265,-2.948657555347806,2.5761788345562664,0.4288623880863579,0.516301062074985,0.7412895961667806,1.6354241396897191,0.9959997641397029,8.673815969134381,8.006006421548785,0.0,0.0
244,-1.6224982737982305,-3.7001695298224275,-2.234188218910755,0.7070207955434848,-0.07295675792018574,0.7034194382747987,3.995873427115552,-4.17287074799806,3.1268433674374867,7.8035666269499,0.0,0.0
245,1.614739904478427,-2.8493730380033413,-1.2606994205089146,-0.8677989830579611,0.23337579362502103,0.43870338949392707,-4.499947913728015,-0.48800478223996807,2.6644772713006573,7.719087927212515,3.6456260485473706,2254.3670254562026
246,-0.5734572607584631,-4.8913273435610485,-0.28074400895553775,0.6503708307118552,0.7179823316416227,0.24803055055704387,4.515956011670858,0.5949897488202849,2.0237668718165756,7.793329125980433,0.636050521147999,0.0
247,1.7418374347287133,3.720187165775905,1.1564786509256806,-0.45070069964406534,0.16966708748874781,-0.8764028518686118,-2.4230217808526535,5.5512774774828735,-5.250322732072493,7.860719108150513,0.0,0.0
248,-3.081813876226082,0.8699870074262553,3.0428476693798725,-0.4018740196159788,0.32927815358625795,-0.8544431929207001,-6.369011272094262,3.4359804378078858,-3.6489253831642325,7.794743179960831,0.0,0.0
249,2.649126341418874,-3.1186032715563403,1.1504025029005587,0.6316632185341945,0.7043269739634054,0.3239214288968471,7.060160910167852,2.919470835703415,2.8041092923963227,7.779147626127239,0.0,0.0
250,-3.080045299157681,2.7400373269921916,-0.9701452417641577,0.7001248278206919,0.6927378728063789,0.1730302431621129,2.3064624168843255,7.9727694911681155,1.2370283780680509,7.837034887740504,0.0,0.0
251,-3.0162935799824053,-0.08827675435027668,2.0766781832180716,0.5859111735773362,0.05116344139151474,-0.8087585541694169,1.127108853484537,0.5544875925310785,-4.460109565137951,7.691840090202607,5.119473554179065,3488.924586751813
252,-3.2199251459368026,-1.6556103749032829,1.087921147472455,0.8070444581196893,-0.4715835867122085,0.35537045932652617,2.7132479893400836,-4.374470265536419,4.3084823049803225,7.711500320154894,0.0,0.0
253,-1.7839095762013424,3.990877227477832,-1.4530262082113563,-0.8783563246243196,-0.4038025752811836,-0.2558000140514873,-8.671469111655854,0.6596604414885974,-3.624984940961734,7.902578584729525,0.0,0.0
254,-0.3960799115309242,-3.6283300472424727,3.004687107595268,-0.09446162289381872,0.20075216685729905,-0.975077211969578,-0.19317168229650664,-1.6739061336058287,-4.38315019814943,7.758400776875654,0.6340092522206843,0.0
255,0.08277234887942636,2.060289433343109,3.2121621845759507,0.19819195238096365,-0.8900958859040933,0.41042571058357125,1.566742173233335,-4.763468632588976,6.758751133559144,7.932295069160891,0.0,0.0
256,0.9036469637970088,-3.2907332496472614,2.9039168269513382,0.1746060742150984,0.9262143680021577,-0.3341252210677232,1.4818157001586798,3.6890756693236453,0.49269263937951263,7.839602942701243,3.869007185293034,2864.4901488786295
257,1.4837736985792283,2.8342037462157914,-3.4400892291961505,-0.33254466225615487,-0.8929136821960113,-0.3035114557180675,-0.7599545360557769,-4.206083981642646,-6.174975192378209,7.924732397586495,0.0,0.0
258,-3.546229870239509,3.052498162018479,0.8364489241251402,0.7966264423037732,0.045622373095139834,0.6027478000752895,2.7576198172556814,4.232927944133295,5.402368444092753,7.8620264993126945,0.0,0.0
259,-1.7839095762013424,3.990877227477832,-1.4530262082113563,-0.8783563246243196,-0.4038025752811836,-0.2558000140514873,-8.13165843209768,1.597465379875611,-2.924208292591698,7.523019703941714,0.0,0.0
260,0.7820569607671342,2.893692704173472,-3.983773277860986,-0.4102006248895902,-0.9114359509222458,0.0319367297425896,-2.1046521019103595,-4.067811573186115,-4.662900374483314,7.739828271309668,0.0,0.0
261,-3.196107982244011,1.5284935459508695,-1.9427860548447402,0.6398447606843366,-0.3773990660256591,0.6694539769004022,1.0275642212081588,-0.8746765860282212,4.157696033079041,7.839514260026203,5.313367881171766,2428.7487027067878
262,-3.1238857775904356,-3.261892931407584,1.490590794941964,-0.34100675876568043,0.7241444914783658,0.5994406942622966,-5.857063404959457,2.299142977868006,6.440162415952171,7.85079896699576,0.0,0.0
263,2.9334518054087355,-0.6075314711095597,3.5646962959745307,0.03952579325475261,-0.880626868053076,-0.47215890432206487,3.084431299967598,-7.23488187198833,-0.2826651690188592,7.800830552562805,0.0,0.0
264,-0.5634586023858031,-2.398906377415431,2.046623748966656,-0.35244790471667764,-0.5106044913528486,-0.7842598599132322,-2.9229019846104403,-6.917860102957923,-4.011846444111178,7.914612977788062,0.0,0.0
265,-2.6294967032792704,0.6590836792670868,3.0892416616193574,-0.12929827082160023,-0.991598840679174,0.0037008548015816105,-3.6049178388903336,-6.859424751037371,3.3072445331889737,7.513261672182436,0.0,0.0
266,-2.648028373702711,-0.1836740323318951,4.166877514608368,0.42689660194026025,0.30922091886061714,-0.8497892177421733,1.0646782662347825,2.1856996288377224,-2.5579844949091353,7.962972414329946,5.157741463928653,2848.489978711926
267,3.108502077494815,-1.152573111057954,-0.9288477947104071,-0.8782993242418725,0.3726856713969828,0.2994923828274275,-3.7552244516295152,2.049400455556707,1.0913050343034811,7.793863276165946,5.731651912862293,1998.1823641796173
268,-2.9699039100480427,1.3004910018915883,-3.5120754413066733,0.020035591533569767,0.16109811205896202,0.9867350066572779,-2.550111843402903,2.793064258209724,4.337715244385944,7.958738213231832,0.0,0.0
269,2.455705816659111,-1.1792895582790641,1.7618167270545342,-0.8069555581371668,-0.5691258382505914,0.15785597051456596,-3.6164846846606418,-5.492137311546408,2.927752479183487,7.740261248544815,0.0,0.0
270,2.643479160017113,-1.796591573614401,2.690546769031926,-0.465914695306986,0.7398688631460871,-0.4853015166305532,0.36295086386688213,3.987175160724456,-1.0507384232108414,7.5158454896454066,4.721007566116803,0.0
271,-0.6721825988297391,2.568260010295353,-1.767139588028116,0.5386129689240275,-0.5627062996565853,0.6271026152342517,3.2585815106239946,-1.5047404860080587,3.5371085161549694,7.740735855993358,5.1979166086282165,2870.3005586496656
272,0.33062108160677417,-3.0257730972086985,-2.9983971882183265,0.25919027845941056,0.398382188720995,0.8798363661852144,2.592988680026307,0.9846943928906797,3.314038615914442,7.890775914270051,4.392884687654603,0.0
273,-1.8443861602533997,1.1954220487025438,-2.716328491315276,0.6448616145561827,-0.061417493391611136,0.7618276639617944,2.3777892210666756,0.24530927882894454,3.8081460879529963,7.8643490443376285,5.416230447152068,2193.1724229369224
274,-1.0975612121070732,-0.45230144800540883,-4.73612857635545,0.8164806738899191,0.1747422300324105,0.5502948865904207,4.9639629181522595,0.6677012811970802,0.06940387354820415,7.799049901378742,0.0,0.0
275,-1.7423147690558518,-0.9211806299548269,-3.621162753904501,0.7757578940274882,-0.5894267913018909,0.22533474554447622,4.320020062432782,-5.814153406653171,-2.0743230111052804,7.958683544859471,0.0,0.0
276,-3.77857645417216,0.9213907244250443,-0.5067891390664617,0.21855396118266884,-0.3193983221818942,-0.9220731412630755,-1.2673015042110511,-1.225129413373282,-7.297734671698693,7.634904821661543,0.0,0.0
277,-1.673843735209262,-2.567532417838632,0.8646943662161994,-0.479242129541241,0.6943468260180667,0.536851437989518,-5.087482970326275,3.213082380316306,4.77596066438204,7.701437281346333,0.0,0.0
278,0.8889145236259766,3.5794600356212722,-1.3051737932984362,0.7631048792273084,-0.6182318746531721,-0.18830903446807745,7.066977817432286,-0.9618225134248619,-1.8881742475687577,7.699797271113117,0.0,0.0
279,-0.49434234360904944,1.6393611608901475,3.110906535728561,0.5856323435214653,-0.7692494065813534,0.25551929221840036,3.68840444052352,-4.268994208350282,5.659585157388468,7.625316726401366,0.0,0.0
280,4.233365153856329,-2.3450303796637755,-0.28680497479187234,-0.0014518950853620316,0.9987703772917589,0.04955426767836191,3.725737255406727,5.364730675861417,0.618784796630835,7.854825263041787,0.0,0.0
281,-2.7357522100605003,3.100977841445588,-1.4071374809780728,0.6385674568773811,-0.732367629868985,-0.236366786451142,2.4543331953851535,-2.4920160731543746,-2.0443673466280137,7.767424058195608,3.954865692950761,4104.847769889697
282,-0.43723761357304497,3.4953440145687864,-3.0182490271763656,-0.6306312863921566,0.3327630963974406,0.7011226014752068,-5.7667213578363175,6.213886014750144,1.6954791117895345,7.8057271183249615,0.0,0.0
283,0.9688460313195129,-3.9924584879998193,-0.10652775502511877,-0.30641890888249057,0.8968777448707462,0.31893222326197895,-1.3050990181264637,3.402213590011266,2.0702936946333255,7.8957878305241405,5.316869517493231,3758.4194502130363
284,0.803639316428704,4.544429964048906,0.696818764583674,-0.13882890793586036,-0.8025491297422475,-0.5802080908357774,-0.6565657759285604,-1.5840616110288055,-4.016348862442942,7.826037172320462,4.049567716281826,2125.0126665873527
285,-1.3990150134505956,2.9111620827669493,-0.7336584411930382,-0.0014518950853620316,0.9987703772917589,0.04955426767836191,-1.7176103054541236,10.600847017052883,0.443960841689754,7.755586672736686,0.0,0.0
286,-2.6124176095711538,1.750809154316778,2.3182289389982027,0.7513436071790316,0.5450870293577367,0.37197165802942467,3.886479750244782,5.761571525419604,4.901026200430197,7.9659934458693575,0.0,0.0
287,0.15320364912924028,-3.746758611145185,2.94441528349329,-0.1032089219339773,0.9931010456120375,0.05566176099894861,-2.0008815264614492,3.2802076990579683,3.647003460500223,7.79010937572764,0.0,0.0
288,-3.9009046315129003,1.167041443321506,2.470171200939904,0.24875300151010657,0.8158910461293609,-0.5219614402287297,-1.1804098138982664,7.098158189540288,-1.7761196203744865,7.782674212490688,0.0,0.0
289,2.583654202129811,-0.3660303034985508,3.833715771765407,-0.8674564242692755,0.4816559311089873,0.12460704643597531,-4.261379079646076,2.8057333177962946,5.698163659373945,7.735629115953048,0.0,0.0
290,-2.9731586198795283,1.1865853239876392,-0.24826020772525745,0.7932295608769304,-0.4894786019684173,-0.36221204006222085,2.800299549016283,-2.9258876880093387,-2.5590764949476816,7.522577645188955,4.952074771991593,3141.5747022596674
291,0.37453384164079484,4.919257825152609,-0.6539486169456288,0.9500707462628966,-0.2719525333516272,0.15299476036484053,7.843916721811268,2.737573316437653,0.8657904959032476,8.002614725498816,0.0,0.0
292,1.8704357895757222,2.5971336054456073,-2.962103186949468,-0.12950147014009863,-0.8727772042204018,-0.47062651967857916,1.198155224958781,-4.496181047238093,-6.43678433606124,7.943065509012252,0.0,0.0
293,-4.281581254172117,1.1592747871150035,1.4231525560932907,-0.31226889347649006,-0.815429978572211,-0.4874034142398802,-6.4692534207018415,-5.328784111333117,-2.129290816039644,7.858871177051682,0.0,0.0
294,2.6651220877388115,-1.739441109462183,1.8750969399730766,-0.878832570138163,0.4734619852282227,-0.05905135229697407,-4.026657979572822,2.002703814678704,1.6226071158860784,7.606361508753408,4.658436697082393,1770.4690643409926
295,1.770252926561838,-2.8390843530833183,0.8489068370308954,-0.282147366243247,0.20754229335856406,-0.9366531162546073,-0.6778820338546563,-0.9510286603282896,-6.097458526970096,7.761550959692828,1.5811105542501829,1425.5657513068818
296,1.681548005710289,-0.34370662357035586,3.078623772260478,-0.04253814215350121,0.8759833865542578,-0.4804618745988722,0.612419034188046,5.952851898994027,0.07614465404535926,7.555172253468138,0.14084853229946487,200.12907398557272
297,-1.4616524847474237,-0.8808150076920527,2.546582765949274,0.21837539421571325,0.9700456721994504,-0.10641231624322758,-0.5040309916139769,5.636965243502082,1.9947760189778212,7.50075102748688,2.5142511044068185,835.8379081591518
298,2.6732652797286836,2.2596153702692083,-0.9363950658311693,0.15606641799758958,-0.9772415815968485,0.1436738124067559,4.1507688014031,-5.471194586218314,0.3608398886858626,7.80986784127446,0.0,0.0
299,-3.14194677782016,-0.8338618814373036,2.706820024939936,-0.24070654094329236,0.37718280928056536,-0.8943117406868457,-4.314490153179387,1.8189331746268982,-4.326323670808473,7.674107223390482,0.0,0.0
300,3.6492979726719406,-1.8274662461650404,-0.45565391352542933,0.04820415921719719,0.6465133836155519,-0.7613782265340489,4.048798979422621,2.8067256781918646,-6.681937396321315,7.837037720435594,0.0,0.0
301,1.231037955597362,1.9834095772101452,-2.418947224939284,-0.7350661544277123,0.41942730802220346,0.5326898552629872,-4.8429324930243425,4.538230112029242,2.1086888144728517,7.910376131891662,0.0,0.0
302,0.7364308503394521,4.027247103300466,0.21728242415875798,0.10304164729613621,-0.8160122287369825,0.5687762842051356,1.4376851927015357,-2.153113020237429,4.724464858673387,7.790169671888557,2.6079898583709813,1627.8444188503881
303,0.3813057195397336,2.0244196544174633,-3.603625263843081,-0.628464090198039,-0.41154238750191974,0.6600498091968293,-3.3836003198443114,-1.315112419482677,1.7565261103066794,7.644467086937419,4.165910366576103,1837.2468867672264
304,0.5969164165502278,2.4923518495472594,-2.1306334976906496,-0.9274408743132585,0.00034922283785626673,0.3739696547802616,-6.726964542928037,2.0114934058669447,0.93186590009325,7.927078707150219,0.0,0.0
305,3.739297810814497,0.9026273928751315,2.6909029839024856,-0.8364514379936827,-0.5378879035625966,0.10500283367288427,-3.1847680885272585,-2.746071419419588,2.8765497427933275,8.025301382171763,0.0,0.0
306,0.3206672064031276,-2.9561088862856084,0.43596773132187444,0.2972852504317436,0.9429819957342745,0.14968779374665173,2.7043073325975047,4.752291210459252,1.3126169599481001,7.900243010096705,5.075248971410266,2610.0261057882403
307,2.7580327146971246,-3.844447621298678,0.9740600764688582,-0.6004655390976927,0.7869387426870551,0.1420160259063548,-1.8396409174734085,2.4044065848191347,2.0823453148736863,7.73166676797878,4.776923350336549,2944.4365447704404
308,-0.061323298649684055,4.2785914813052095,1.0230477879775948,-0.7662125226709536,-0.1803695666905761,0.6167537511147114,-5.275490822798115,2.085547731699242,5.729136088064082,7.770555319001882,0.0,0.0
309,4.175968885886906,-1.1357379406273778,0.39695983771491583,-0.6241885204182315,0.14253329117252403,0.7681620609517419,-0.2371979344989131,1.204816714975611,5.652471275616807,7.412302733730783,0.0,0.0
310,-0.2879198155171986,1.2602701795843914,-4.528267200965002,-0.8851786958900445,0.0916230708015596,0.4561402078739527,-7.305636332491212,2.1776222632266142,-1.0302193013776397,7.732330019927707,0.0,0.0
311,2.745391244952209,3.1686949679195777,0.7351799382189357,-0.16925054315088772,-0.8119592843003338,0.5586379635162823,2.2332217492387665,-2.9764339229471797,4.435172033118737,7.677900311347511,0.0,0.0
312,0.9180052892675199,1.9500272576871107,3.1706172078507904,-0.3888291878007147,-0.910197998843169,-0.1426585630662503,-2.280504125187009,-5.003972899482777,2.809355443141992,7.748263495479257,1.7871576987135587,994.0210009478853
313,2.031448790085979,3.4048978519293107,-2.1146609735517257,-0.5180653693451175,-0.7801827154719355,0.35060405525912564,-1.7771232862536086,-2.5065456607841026,0.7531252872227137,7.632775412271043,5.654244041328687,5597.783411105971
314,-0.9355805588527533,-3.1198206231888177,1.3033375946989352,0.7128837358392319,0.6736582891339629,-0.19488788740453428,4.600020207878073,2.1357589184995174,-0.3972802481062904,7.665156739001206,4.643858187989737,2416.2176870922194
315,0.3984744346410885,3.5169779200700453,2.650289420761633,-0.9240250414966328,-0.2332115652207797,-0.30296879135386223,-7.159348283845507,2.274560783976352,1.2348465110818696,7.84696580685665,0.0,0.0
316,3.879653674341432,2.420996922723844,-1.7373501229175534,-0.8034907226605551,-0.4595386582147257,0.37845327347590557,-2.655857291279172,-0.518090216479712,1.8306396021339235,7.937343368146622,5.67751425796301,2661.062651981911
317,0.2892521179458906,-2.9980495903768762,-3.805793915555645,0.003705722109203259,0.09730403109178176,0.9952478048993321,0.9748043617441926,-2.1491284071396546,3.7582021108550214,7.643613055816998,2.71970109364128,0.0
318,0.9062012114764778,2.6163957087213547,-3.1619708002940357,0.015728533328571243,-0.2395021933505173,0.9707684134847114,0.12308606996440856,0.337906333737731,3.935956753027189,7.786557514061162,4.4557130235267035,0.0
319,0.9503214327556848,2.890783358467951,-2.2970165775253433,0.36997354078899963,-0.8959778931231756,0.24564851750133967,3.638404879370508,-3.9692182402878147,0.09560248799199357,7.573258206791655,2.8567580468936233,2606.2409974312427
320,3.440468145228,-2.138100432464015,2.35716670678984,-0.9410735456093609,-0.25458078136988316,0.22264143260257316,-3.6958395000496744,-3.2497045352294016,4.557026297686102,7.926380331324397,0.0,0.0
321,3.581872812521212,2.158416263311432,-0.17097445258968955,-0.5197222765791759,0.6016413228732661,-0.6065611872174685,-0.1749603636934275,7.731832000325892,-4.101172030418502,7.850297782770502,0.0,0.0
322,1.6271710263430255,-1.0541240080536376,2.7032985420296147,-0.8300167067706979,-0.5352687261056546,0.15671521092336543,-4.207122871344203,-5.363515543524499,3.7460917997230614,7.4685350104398855,0.0,0.0
323,3.0977349978017346,-1.6768905077058718,1.2725039968354919,0.451659602843315,0.7658028618815641,-0.45776585706387624,6.2167438069666145,4.0373336495539744,-2.8292424429649112,7.77541568860804,0.0,0.0
324,3.1075692107179167,-1.9981773951460875,-0.8807653225815828,-0.37117942542998,-0.5800839037806672,0.7250713749087407,1.1677848894550835,-6.3521462207610355,5.324011498141954,7.845634558759966,0.0,0.0
325,1.2541716126453555,4.397338803756452,-1.5757471128537577,-0.9826100284409117,-0.043812620720732415,-0.1804383170862888,-6.379961998658969,4.853097019038043,-3.176986578052484,7.912519116400068,0.0,0.0
326,0.1396824581943222,-4.079571093428812,1.6110878658728063,0.1670209667288386,0.9195133269620627,0.3558078669902105,1.2902317313013127,3.1019278664265166,4.192290828848717,7.924938555994474,0.0,0.0
327,4.132315366678372,-0.012691137499893682,1.8760942746708826,-0.8057842895190249,-0.29207547804086725,0.5151733629483567,-2.4725628563531723,-2.109172480659719,5.285964542455762,7.737193553642016,0.0,0.0
328,-0.13273774647708633,-3.1095458450251434,1.5267819770059383,0.39514602950565075,0.9069958713852198,0.1456643561619843,3.57723266845977,3.362118557034238,3.370790858749994,7.683775184530905,3.764966560513024,1424.588327358845
329,0.07010241471417299,-1.057355117939414,3.811988051529386,0.016888643489066116,0.9948127102217946,0.10031174060032633,0.3215952588068651,6.556357420854399,4.097405701826085,7.77448745697403,0.0,0.0
330,-0.11214692580960313,4.172386377382763,-0.9058336955791058,-0.8016000428019219,-0.542152744271892,0.25200748651263066,-6.428420132635896,-0.31631594374004995,0.730829320895529,7.898008262299761,0.0,0.0
331,-3.0627985667429147,2.9688724160954783,-2.117395587243549,0.7756906810680163,-0.32195692912303453,0.5428146120858415,2.8708822299036845,0.7056020025022297,2.7618690725326354,7.932198355642352,4.750523135861731,2603.7514096598707
332,3.3801185627427666,-1.1443350080428172,-1.1378899970157421,-0.6410094603116985,-0.7650844556141199,0.061258857062069315,-1.0742367636192736,-7.389488069750883,-1.676137636044347,7.730622115035805,0.0,0.0
333,4.589774096851414,-1.0939926998503309,-0.38222843319288086,-0.5000193435517231,0.8563039715780474,0.12932194065110042,0.20936964033955538,5.391299653077215,0.49711248275147046,7.865698171760187,0.0,0.0
334,-4.376337204509256,-1.1615372394101684,1.374029016208088,0.6865431087010372,-0.4240153211316624,-0.5906518156585394,0.3883333200936491,-4.72007212422675,-3.53762423252479,7.827701940844342,0.0,0.0
335,2.4403732026384892,-0.639518660776992,-2.5175387017778323,-0.8054405752875589,-0.5867716630174008,0.0834535509145073,-3.8608788239732426,-5.21107809675538,-2.6362064080966725,7.919927290257409,0.0,0.0
336,0.528429431091515,2.7117092300417953,3.7971527976433297,-0.13129473020354543,-0.9856192327442382,-0.1063786720420844,-0.7825437050015138,-4.882090552554362,3.0966910729060775,7.772535892523617,0.0,0.0
337,-0.21690235354028148,0.9812658459277064,4.09429355299091,0.6400629734564731,0.5154511672817708,-0.5697626559874893,4.709101054852633,5.295762226741323,-0.21997181177414785,7.759382984175455,0.0,0.0
338,2.5728337217201616,-3.2919372087097436,-1.2026683445265771,-0.8772936203316095,-0.3087388694671044,0.3674727394047511,-4.361653555026966,-5.619282968537885,1.8374840389625995,7.775968393724157,0.0,0.0
339,1.0441451642071657,-3.3841498866430553,-1.7951506175837966,-0.1679325783126185,0.947024022307461,-0.2737592926530061,-0.7217473137230634,3.3666509711030663,-5.056359893640194,7.756950675615722,2.1727448032680026,0.0
340,2.607077701529143,3.994716240151978,-1.3524766648784343,0.2400026720539281,-0.548902688670229,0.8006900497555645,4.832360701069376,0.8366422157847117,5.137237545383137,7.8329323624233504,0.0,0.0
341,1.9588813038263155,4.504197275347079,0.8059814897385761,0.656146643476873,-0.6957475242361408,0.2922447001629182,6.686783620280217,-1.6384954792943538,2.240489410413752,7.869791144718393,0.0,0.0
342,1.720104503393878,-1.5284314328058957,3.377680700923671,0.21199876665346448,-0.7323323442214976,-0.6471057568469438,2.633455775424094,-6.769132462017811,-2.024320817197805,7.721169765003994,0.0,0.0
343,-0.42235543357256905,1.58023208839174,3.7159130969104868,-0.5863814276494004,-0.43888304967164904,-0.6808366103690108,-4.91416993009381,-2.0296279115185283,-1.3589801920312028,7.721582145010424,2.3305668879770582,1236.873302918112
344,-0.6855391972587974,-0.43655939353312656,4.12140871210332,-0.6610490591287541,-0.6575039572184,-0.36152826676089045,-5.867580123291252,-5.894563316293312,1.6961753410454796,7.942841704887345,0.0,0.0
345,2.8826785595925823,0.32020010942202964,-3.7380511079864776,0.5088734733899448,-0.15880223816982333,0.8460671588191495,6.157841183428233,-0.9458279867148454,3.115487461170024,7.846788284330641,0.0,0.0
346,-0.08364816775380123,3.921915735590087,1.559226820199043,0.12254503659104654,-0.9543918885034792,-0.2722477496062395,1.2078806260373898,-3.0735689828829718,-0.22890931618699067,7.4666639149469205,5.633590395224183,4093.5265270968875
347,-0.8101035251341496,-4.166213371963446,1.5403915188694162,-0.8673009308893932,0.19810080372570926,-0.4566674576117944,-7.21683691235816,-2.798848713852282,-2.5493177376811778,7.8801845204116265,0.0,0.0
348,3.040178732536885,1.4820118051100497,-0.7760914798857284,-0.19169714632981835,-0.9787829584886792,-0.0723610686844295,1.2935578638364311,-6.142038861163814,-0.9721512152900488,7.885462692161397,1.7841987272892563,3027.2409471796104
349,0.001127714409270393,-0.616257564192072,-4.050639395665359,-0.2503516989691995,-0.9294594773636163,0.2709780558683459,-2.2026642703573387,-7.859689282331102,-2.798506237838094,7.822184011635353,0.0,0.0
350,-0.889624399145896,-3.332591624032374,2.05897293201545,0.20706690977569123,0.914754986579038,-0.3469100883582513,1.2753293721987273,3.8012922432200194,-0.021094009416564242,7.672095012021538,5.478389326996496,6048.00143058486
351,-2.5368509303388,-1.0123612462992122,-1.963926075154864,0.36097265369278964,-0.890388892010795,0.2773199673117216,0.43251292471416,-7.708710494299713,0.38376745680886387,7.7205403315204135,0.0,0.0
352,-3.482666148397692,1.6744828521026145,1.4281555973039042,0.8724009087018882,0.236017934439655,-0.4280329299469358,3.1482338892976953,3.0832120100519353,-1.8794046153535409,7.595978376854806,3.319112675148197,3817.759217911156
353,-1.8530681427159565,2.8983428766792825,-2.2901770217147157,-0.32415201460725296,-0.43787489747959146,0.8385648726146933,-3.8631788948545727,-0.5038072174182437,4.1406444985809845,7.731403108229516,0.0,0.0
354,-0.8958612009512206,1.1697062979961153,3.458811621401547,0.2871023765587777,0.38684468500448266,-0.8763123958144632,1.7024586420447907,4.138845281822118,-3.283315242775623,7.729964569298706,3.248110492952083,1106.41541947154
355,2.020342782861572,-2.2858029330932936,0.08106740423853923,-0.715022624930512,0.19066900215441845,-0.672597931497651,-3.825883723450543,-0.11459271508495754,-4.00184551072819,7.731067458490651,3.607070116308866,2652.0560838144224
356,-0.8407531783370967,-3.4028723845966975,-1.8455044618771266,-0.3231491541229226,0.9349555227451657,0.14639943537443656,-3.3200627173208295,4.068787989000788,-0.8823967228165586,7.825140147972677,3.6826763604273562,768.7743913192459
357,2.2822573920955174,-0.1964794934895947,-3.2201518414253982,-0.8208526368105518,-0.03942538592061054,-0.569777665046793,-3.9464136666596104,-2.0268524356892486,-7.614166936999995,7.990443798836813,0.0,0.0
358,0.986440356634448,3.6821329608499624,-2.6517486548694116,-0.45055823398046446,-0.7281010461096982,-0.516590886917654,-2.991717871931438,-1.9507814335123355,-6.509562907515911,7.772770481911639,0.0,0.0
359,3.040178732536885,1.4820118051100497,-0.7760914798857284,-0.19169714632981835,-0.9787829584886792,-0.0723610686844295,0.8647517894372749,-5.681816185426146,-0.4812593971443693,7.713835775513919,1.863963118612625,0.0
360,-2.4447792563806594,-3.6761808710473907,-1.1683879120809935,0.9382582254438324,0.1907106205313231,-0.2886190596678404,4.909221792470734,-1.5897045019812641,-2.8826025360900207,7.882557026735787,0.0,0.0
361,-2.5389745622550364,1.7167295926985473,-1.8310022985723229,0.8788860774395958,-0.21671611794329934,0.42496280673304443,4.151025054875384,-0.7048279360634679,1.093690849032995,7.7367291529165625,5.326480548683066,1699.6210542629829
362,-3.094562023165719,2.4890253989102007,-0.23261521576137792,-0.06729271749167043,-0.9857859891188545,-0.15394048794760937,-4.017366288650887,-5.237969424803526,-0.9493788591943269,7.835724187004768,0.0,0.0
363,3.05827120110566,0.962778457064736,2.5862931393359374,0.09572996219806665,-0.2271865273279581,-0.9691346945281755,4.4462102568820185,0.06404182010086822,-4.997842254533773,7.759025619762937,0.0,0.0
364,-3.6739589993200243,0.9662337282392935,-0.03038405460491301,0.17249236225275436,0.24412152553525276,0.9542803915699021,-2.4260624743738117,2.911075384821038,7.561895611806181,7.8839667215092195,0.0,0.0
365,3.1006618162231097,2.404504665362153,0.5018217921331182,-0.2240608017938864,-0.785884126950209,0.5763531001974299,0.37894830769200044,-3.462122029840389,4.9552864829615695,7.845327480018329,0.0,551.8587245902361
366,-3.794138112461167,-0.16350695199786022,3.009048967435819,-0.11872044322963152,-0.45355296808195333,-0.8832865681665326,-3.8679929223909655,-2.9437566083261433,-4.426548200457821,7.930504759371364,0.0,0.0
367,-3.395684393195592,1.9796832905345585,2.376596905928126,0.23750931600164077,-0.07182733691906651,-0.9687260492438241,-1.6416000135212656,1.230975010056952,-5.253068854153423,7.72040033577344,0.0,0.0
368,-0.9051872001804183,2.2137246838124156,-4.284848539398693,-0.14833018579266238,-0.8864792964512611,0.4383521563149788,-2.458661338729736,-4.716177470353982,-1.0659871247910329,7.818848624246915,0.0,0.0
369,1.3662838066404668,-0.4719229709206496,-3.262680022859095,-0.7875371267967646,-0.5171504552829199,0.33517261301807705,-4.466077012301057,-4.907901473270247,-0.38591762645065547,7.812065088091287,0.0,0.0
370,3.1439963453479525,0.7532864913911124,1.2061513488838902,-0.35569421338150153,-0.9056553898517892,0.23080281930539465,0.36755976103804777,-6.171735091841802,2.7389274571834687,7.731140211112024,0.0,0.0
371,1.2740263453828986,0.9315565365947628,-3.0181315710330208,0.5614580758206669,-0.6660410986097312,0.4910744180452662,5.489376588247286,-3.973225518291692,1.265377648956151,7.690434052785328,0.0,0.0
372,-2.6767241458580924,3.00179858633635,-0.8309119863661653,0.86024527010957,-0.2915941620029914,0.41827134726142345,4.293799554151661,0.9927499562563699,2.2354107220325523,7.877024029525411,3.9669374593460858,4035.7793948492704
373,2.956011646250672,0.46901559186925734,-0.7687824085177569,-0.39321555500516403,-0.10517400647383915,0.9134111646264358,-0.7194576725367793,-0.06807077682226047,5.938201764592444,7.80306607475522,3.391956316522105,2611.767036568206
374,3.805393975708672,-1.5211742993689863,1.6860763241050718,-0.7287004751479845,-0.2333924222043764,0.6438350679923204,-2.3077800485575297,-3.4795000362233277,6.347580663791302,7.904885708312687,0.0,0.0
375,-2.290753209625317,1.919327875473513,-1.900813402848938,-0.214565259003123,-0.41887236397090133,0.8823308292983714,-4.047256524478094,-1.834533467729636,4.916286028823543,7.938721933880349,1.2313216024542635,427.058393487558
376,-1.0642311624755891,-4.341479280584473,0.1262173416571988,-0.5244459829582234,0.7243986514936578,-0.44744050405964925,-5.287994369490469,1.1869775883588416,-3.7730092003381217,7.839651327211304,0.0,0.0
377,-1.943373735546576,-0.8365893736854417,3.688070078878199,0.956188366493285,-0.21715428695115682,-0.1963359962962422,5.424374133558964,-2.922861994359859,1.6971865869632259,7.8781419023602925,0.0,0.0
378,-2.3607248896045046,2.1069194380980574,1.3433117707857387,-0.4479548561286567,-0.4869260191947322,-0.7498263123563521,-5.8607302649427035,-1.9533446664548075,-4.3461277139944965,7.840667080353334,0.0,0.0
379,-0.9420828317653888,-3.5754095275200712,-1.5677344839084886,-0.6536780477446997,0.44687431690586904,-0.610744099264652,-6.026289279946528,-0.7260028508212333,-6.532099683493138,7.741369506112632,0.0,0.0
380,2.282078047903197,3.750713034956957,0.6459459037217508,0.21682586662213932,-0.6245159576014628,-0.7503108437605619,4.005615045065301,-1.4572643169268393,-5.118192590147729,7.901459687612449,0.0,0.0
381,1.9707958661986476,3.321808142138647,-2.8635742246616296,0.6486991175335107,-0.7609986545682146,-0.008396586009319503,6.925998614907949,-3.0450567508368507,-2.437889093077916,7.9122028404882485,0.0,0.0
382,2.865174894879925,-0.5137252099975587,1.7701758083271073,0.48186170486011626,0.19593202815595342,-0.8540608513051029,6.8456008870583265,0.5112245952097888,-4.612652861131349,7.713455426702732,0.0,0.0
383,-0.24401400991286115,-2.4110263766041387,-2.033592436635842,-0.4623866949607104,0.7607567401879641,-0.4554642978125657,-4.285953394296608,3.3318075888393994,-5.702658098695779,7.8033042795936565,0.0,0.0
384,-0.6950540174480992,-3.0473234591833807,0.4050962753996436,-0.39902273708946745,0.8706102976895967,0.28778214823449627,-3.356511814683955,3.3831052453360337,3.0251934726151943,7.790806967094751,3.890052212377167,2905.762400071904
385,-2.3219490886334815,1.5682867255490849,-1.2264373097001957,0.9637148209664945,-0.26511803451464555,0.031083301378858008,5.357421200504273,-0.6571370942576296,-0.691619580634506,7.8611758552727355,5.112011806585118,1603.0844779406707
386,2.920215720082566,1.39185237403389,-3.454916918547107,0.1310386252848172,-0.12037284293058981,0.9840423046639168,4.355575152750102,1.0103014915940645,4.241008614991377,7.7812113530351965,0.0,0.0
387,-3.141405007278696,-2.2966270044583044,0.9022309598082531,0.7474907013082921,-0.6421062424225565,0.1701682252937448,2.231556758281537,-6.826909451874698,2.4162544126679886,7.471014223316891,0.0,0.0
388,3.8921281775848082,0.5888135165440923,1.3238561022876136,-0.7632131644334553,0.3631103186393287,0.534468485631395,-1.8019150016153094,3.2870626226276825,5.597020066452207,7.86114880768768,0.0,0.0
389,-1.0859790199009636,1.426348765543295,-2.5780076381970325,-0.8804060412817476,-0.1830822649307851,0.4374540967260629,-8.161954642168745,0.7123624595587897,0.7491029461051932,7.9817751493131155,0.0,0.0
390,-0.6432401116606362,2.7692442296037134,1.214719595383932,-0.5122442234627521,-0.7285840198496986,-0.45472099308113767,-4.864659724946229,-2.905109564094421,-1.8918079562926913,7.738986691592011,4.0587341896400755,2991.0258315067467
391,0.23214798846705428,-2.8015226519938805,-2.3131955951982976,-0.9941445429337179,-0.10148057573877477,0.03712573908807995,-7.4259047715470405,-4.166251844320578,-1.9439261387075357,7.794676628903245,0.0,0.0
392,-3.587426193837812,-3.174012569939163,-0.5875393741607706,0.4843042614634388,0.8585756123285149,-0.16821801402664632,0.11670594659491101,3.775245350546725,-1.967968043382431,7.871398174947525,4.060857824933741,2263.9189575743226
393,-3.4665798971071076,-1.59406198538159,-1.1575634939683315,0.7711655599697487,-0.6363111635203251,0.020292419667308496,2.2602215524049214,-6.7824063260000935,-0.7473818489862704,7.771834075953905,0.0,0.0
394,-1.4705498265607932,2.2496881294237485,4.090776933693386,0.9032888489842397,0.24470356976398916,-0.35240519043494245,5.3351139840430655,4.67120043975615,0.9919663597987033,7.811668679690715,0.0,0.0
395,-3.3128213642596513,-1.6597676884838866,-1.4440453904807924,0.7889899416920094,0.22655300991777935,-0.5711117277784045,2.787098829778467,-0.01856242445663891,-5.508254024767514,7.785448848853387,0.0,0.0
396,-2.7292647116883137,3.2561759191869735,-0.09514416695493429,0.1543229476953099,-0.737943629163629,-0.6569806907295245,-0.9194391355480529,-2.5429671275543426,-5.3505357452491635,7.8610669092602485,0.0,0.0
397,-0.23955837996113333,-2.0297557009186384,-2.9868432954091255,-0.6831053365224791,0.7031800902103318,-0.1972431493013138,-5.589055911497509,3.739243439578662,-4.236729015227819,7.836478542781889,0.0,0.0
398,4.257105358696513,1.9729411176948102,-1.5915688945949413,-0.47810193130207085,0.8346432370424746,0.27347616010264886,0.45793768305649013,8.82964790820457,0.30491499905443215,7.879644309970015,0.0,0.0
399,3.588459982524421,-2.2046693298169897,1.6206714094787926,-0.4674009778484583,0.45262381976790966,-0.7593865969879978,-0.5161897007063118,1.5271772470695477,-4.068076746487896,7.843317777179655,3.9247362228984235,1754.596500151609
400,1.5796085986318211,-1.2625720632543087,2.7374955173308826,0.634901823112535,0.060716555273606206,-0.770203333493232,6.123664281330044,-0.719459875676139,-3.4532083438142624,7.705551842846624,0.0,0.0
401,0.29081075836744025,-4.032561717728099,-1.2413567243039794,0.889021565524575,0.42269884238466066,0.1759725679726864,7.152118142295455,-1.6248688934285114,0.24578587426920667,7.662388115997392,0.0,0.0
402,2.3153896966533227,-0.9973452222866032,3.2909967911704836,-0.5643984925467205,0.816528745324593,-0.12138842477615273,-2.3523314948941367,5.170440122349532,2.707604898917104,7.837327373791026,0.0,0.0
403,-1.5534486095050766,-2.9358531467611413,0.6710338155452313,0.5242034428879986,0.8020905709130342,-0.28611442906077283,1.8685481523560934,2.1019046708148506,-2.4407883621303643,7.7394189248898115,5.656042279791959,0.0
404,-0.023766448462474492,1.1227981560948832,3.2491516982935553,-0.6740562738906191,-0.6022948739074918,-0.4276552636101344,-5.447860015310115,-3.680873099725804,-0.17621458247875296,7.905198075655237,2.2509160680167404,1560.8237388833957
405,-3.2001112431935583,2.1728433670754432,1.8008553041070192,-0.10939222377037017,-0.8359147541389069,-0.5378474367248246,-3.974283765014297,-3.6829848578032793,-2.9113232886000344,7.672889991375533,0.0,0.0
406,4.591670431957469,-0.8678183379176879,0.9961243182452072,-0.4745226744587791,-0.318475918987415,-0.8206103341109037,0.8112638568697653,-3.595662876492845,-5.299618761178315,7.86496122514651,0.0,0.0
407,0.6710499570267611,-0.10994078870819761,-3.4384518608270875,-0.33353414839083134,-0.7080257651960147,0.6224584224474763,-2.4443404543161655,-5.797076087732821,0.7978277430490843,7.86660706255694,2.6588855968641125,1080.889545239806
408,-1.034193683297584,-2.658657656630966,-1.9226056482184073,0.32538439253284407,0.9374985091602843,0.12337561516878567,0.320394901379273,4.394281324833598,-1.0979910396587456,7.5830791926176,4.864768226448065,3120.301379207662
409,-1.890688474324239,-0.8190514012994005,2.408296462469092,-0.42713263896261333,0.8936667743733847,-0.13754055806889737,-5.408069349425732,6.433512550105391,1.4780295893959272,7.946307664229884,0.0,0.0
410,3.152449944548429,2.904507464062571,-1.8228498708733427,0.019925090030888108,-0.12231550286800688,0.9922912417961814,3.0474425871968784,1.9889243050466368,5.873396042160848,7.676054975662158,0.0,0.0
411,-0.753418088262958,-0.9473622068482065,-3.7072760224552126,-0.5014857995384165,-0.03451660281560657,0.8644770656248695,-5.02093271565751,-1.3107590082165574,3.0209880568369,7.804185485047266,2.3455064207611587,1194.5704402333117
412,-1.6607526124029215,4.406161234524788,-0.8041373615346825,-0.8395766657184223,-0.4878552359970409,0.2389734108460775,-8.711464693480075,1.0286971064749308,0.8734201659271812,7.9496317707483755,0.0,0.0
413,-2.636164557601588,2.8529705036459454,1.136184762120526,0.7389006524358157,0.649650643094384,-0.17882915801674903,3.2172402367022532,7.879290775027862,-0.7561589024785184,7.8443981304373125,0.0,0.0
414,3.1916871024518545,2.359809103875417,1.075676705121741,0.1373125459457734,-0.3502087663928496,-0.9265522568465787,4.502061185397857,-0.4918238304231752,-6.096343803334114,7.811995235020447,0.0,0.0
415,-1.816765213302298,0.395662817413693,3.0614283450872923,-0.3286354029824172,0.7944809566873088,-0.5106846202577507,-4.346606740075175,6.044460552104176,-1.2423749550917877,7.4749346764197435,0.0,0.0
416,2.584868975566577,2.763092129023194,2.9126904289074287,-0.11918755954450941,-0.7674824467827986,-0.6298928635332461,1.6859136314640601,-2.8152735594900786,-2.3362123700446022,7.820501515735776,4.2084577684169,3231.2187920950664
417,-1.6854247504877387,-0.5299313947327374,-4.096888183179514,0.7381448525774433,0.6687774016118405,0.08876352689443795,4.140918365488876,3.5035640505774897,-3.760385685840596,7.70292487759411,0.0,0.0
418,-4.56295497762734,1.484999320315051,0.5163811089442876,0.08092808422278955,-0.8562135199907831,0.510244111547622,-4.0360962827491065,-4.86587532934157,4.9581140324086865,7.792997916046091,0.0,0.0
419,2.163293390114908,0.6022870955832825,3.955832065011498,-0.38454727700129815,0.4792766310183873,-0.7889342828845453,-0.35978302216254854,4.570907569933473,-1.609644230908751,7.635610231801571,2.593861029040402,1236.1747763875278
420,0.643630461563812,-3.542745405969968,-0.6259160420540274,-0.046461478720096046,0.998724708749563,0.019755685972467494,-0.32258844767787054,4.388407934939166,-0.13557017662678367,7.859242405146927,5.649743177744746,1930.428844408721
421,-2.4268714674569645,-3.832591659198365,-1.9065652622563338,-0.3531454474116626,0.9137938516507483,-0.20067159653948805,-5.290888363679232,2.7594094693041997,-4.52418899763638,7.851377082251296,0.0,0.0
422,-0.22120695638729193,-2.6430610474543332,-3.5070398526587456,-0.4365042416384723,0.7053906083609375,0.5584694590286999,-3.6187979813007867,3.1496876675097103,0.8606745551132184,7.83634004735418,3.5603523545834705,749.0777975928619
423,2.4964737664444505,3.1556276153727265,2.5671556334595707,-0.5754968954979878,0.10728003849989365,-0.8107368972802704,-1.5293357243320276,3.426447538504146,-4.259280539752462,7.764107433740554,0.0,0.0
424,-3.6757682661631246,2.2303191361054107,1.6251180880095655,0.6538730918935659,-0.16315505631541813,-0.7388033617250677,1.3743344288364292,0.9167488795042709,-4.009833330186845,7.7682736514214215,3.4719111319687213,2143.456775639745
425,-0.31658472599240134,0.8000016412482898,4.710879226208953,-0.22212681798434716,-0.9724365454963699,0.07090022366139113,-2.660213044450343,-6.406753309459299,5.219906007472169,7.697720096277457,0.0,0.0
426,-1.1688591480013248,1.1739237981953288,4.01079845353912,0.9809072009959705,-0.18202515595071617,-0.06846828196594545,6.262405153531502,-0.38628460593019637,3.856871332202265,7.7704741423025085,0.0,0.0
427,3.5909610462984616,-3.24059210907984,-0.808054180494334,-0.39779531233224785,-0.42529923125032787,0.812944926415295,0.3735530072401986,-6.7830661072173015,5.444206973680238,7.753815688105806,0.0,0.0
428,-3.442086395151637,-0.6754730718742992,-0.8068622275445352,0.20123483811804016,0.9644328387110805,-0.17138797957643756,-1.4866660098521365,6.594685574254907,-1.4915172649207646,7.769445283221518,0.0,0.0
429,-1.9507379577029065,-4.33553738980092,-0.9816393062711836,-0.2612398147999948,0.9610468211354359,-0.09023728026009044,-4.784917772730905,2.417301204268568,-1.3290858752744719,7.807294475507426,0.0,0.0
430,0.6635584952753057,4.541535606201597,-0.6489340442700032,0.7867642180358376,-0.118396096292148,0.6057923981045302,6.54568396747419,3.439099878444394,4.48209620979269,7.718904347868292,0.0,0.0
431,-4.432588726740401,1.8381688795988476,-0.5490249854368187,0.746253004060179,-0.6020175585279821,-0.28404456191796057,1.2361913501634267,-3.3623403521400985,-3.0429624189793225,8.02295402382331,3.665863198560783,1529.9760135256527
432,2.1291405469722786,3.0582622401054143,2.778344950431176,-0.10343132686464397,-0.9828904511402078,0.15240840423158483,1.8170421125166012,-4.705790104589067,3.4105660497419583,7.8882820608637045,0.0,0.0
433,-0.8495521459375215,-4.735217441325465,0.39237091616482217,0.728082480483782,0.6762705477988764,0.11204484723712628,4.844138478965715,0.6144401811683559,1.1500612838227668,7.795743103504305,0.0,24.85261675407724
434,-2.169194143717132,-2.54268495621596,0.6381992477281209,0.681133050379012,-0.23501817377782613,-0.6934149015384065,2.8916813524818856,-4.282640051634417,-4.977500505353306,7.7770548598031075,0.0,0.0
435,3.85146917790898,1.785435298728819,0.6430821793459847,-0.6149636208295689,-0.005391109015465245,-0.7885370511268126,-0.4061709320424769,2.1842831721816682,-5.869839495016209,7.877267788724768,0.0,0.0
436,3.0323944572964416,2.2645736350161667,0.46221713105185636,-0.3483824024256675,-0.5458644513733255,0.7620116156641045,0.10269868057029403,-2.255928363512083,6.346252076878238,7.897722876337826,0.0,0.0
437,-3.6135835068292614,1.4859154095988532,-1.2050117899591113,0.6712496030286336,0.5180544447609532,-0.5301354192065671,1.4040181972349115,5.312937507111488,-5.537349982252812,7.879785376367429,0.0,0.0
438,3.110424000434105,3.1836123375363945,-1.0382481071376168,-0.7756843233639273,0.04702087762897933,0.6293670372322073,-2.7771519798345445,3.866836030804266,3.723037697344392,7.761067606002457,0.0,0.0
439,0.6251197089455529,0.9290084357556584,-3.5693698254925748,0.7189303429032085,-0.011422641852375404,0.6949882627110961,6.381408464653693,0.6436405360736412,1.7115926604123612,7.869898625721773,0.0,0.0
440,0.7097617623024655,-2.5600297955187643,3.915845613385375,-0.49408391778957433,-0.36154158788433327,-0.7906761425588735,-3.2349780098989664,-5.03523058628772,-2.473673598916781,7.795956839031292,0.0,0.0
441,-3.3624241878458094,0.48671148826154237,1.557340715338406,0.21786044205018715,0.9551788308674356,-0.20042512031283916,-2.1464495843682987,7.994385860648437,-0.2497069569093915,7.778432322320118,0.0,0.0
442,-3.2870577549206015,1.449499349083994,-3.1114855878098315,0.5197093709097189,-0.8099955354748103,-0.27167885876435,0.3956189791758355,-4.3394015115800935,-5.962600806096346,7.763800589139709,0.0,0.0
443,2.0943984121803774,-0.06698984349694036,3.2583844361658505,0.2214088224876855,0.562674313492406,-0.7964770870906873,3.7021568968527068,3.733623559131965,-3.3609497247495557,7.735870440964658,0.0,0.0
444,2.7373309097327034,-3.2042813823479372,-1.6164505405060716,0.6306736797457053,0.7213610526525663,0.2861624388210185,7.835085512601279,1.9039118217730666,1.0924724524722191,7.744697362634313,0.0,0.0
445,-3.003570692659457,-0.2878480417584285,-0.2283103932452447,0.2606536824179866,-0.13648960730574844,0.9557354471502384,-2.570985080391297,-0.727904160982256,6.26397401935868,7.404891822781911,1.7025860166631226,1386.707316586241
446,3.272252485931483,-2.9515883606324396,1.4212022577332015,-0.7840575491942372,0.5606978079858086,-0.2662174443409669,-2.8802841752852855,1.543102017405414,-0.6890042186217477,7.879753224905896,5.69425811845671,3901.105933792761
447,-2.0644838282270355,-3.2918843206244204,-0.9646112878164669,-0.6084162607180936,0.7899081436028594,0.07664710277432112,-6.4283373433337925,2.8724440682273746,-0.5130729854353162,7.7311393144700205,0.0,0.0
448,1.5718166950139765,-2.477726779129637,-1.8775611244588153,-0.41654617121714504,0.36904977822312746,0.8308378592949393,-1.5577583398399766,0.8954676000642763,4.742297947367685,7.899280505461551,5.121629840959025,4028.6052134936035
449,-3.6135835068292614,1.4859154095988532,-1.2050117899591113,0.6712496030286336,0.5180544447609532,-0.5301354192065671,1.8795856133773563,4.729980431348167,-5.280181361668068,7.757754931219868,0.0,0.0
450,-2.763700822843569,-2.2509371790233312,2.272262515650701,0.7126405640637672,-0.6357118464889697,-0.2966713243379958,2.8914172758972847,-6.961119750710533,0.29338785006363943,7.941063425305987,0.0,0.0
451,-4.156665757986694,-0.05860211933006035,-0.21708073967065958,0.9249396376761502,-0.3418397985287066,-0.16622941616141634,1.9545961057466512,-3.8516557825408726,-1.4109561617819701,7.594197683631096,4.566559140976449,0.0
452,1.80547914211282,4.558063810751557,-0.4079879269897233,-0.1337393733762892,0.1260762527382288,0.9829641694916472,1.2143655000833633,5.039903350059891,7.360469718190733,7.599905717613378,0.0,0.0
453,-1.7659442603359696,-0.17769016794084375,3.1876574635300807,0.5428671866758805,0.7877587435702382,0.29108654994563804,2.296164052922044,6.225132104898275,5.3016321989523005,7.725031732763889,0.0,0.0
454,3.438768311156218,-1.6113048959405583,-2.851945681548594,-0.9924373021037128,0.096158429734553,0.07630044419326161,-4.217403008175038,-0.8020508219798964,-2.1330977119399823,7.54459995971388,1.6218487668202433,930.0609750959165
455,2.3629935136210283,-3.9872578683574944,0.6596919025510091,-0.3668740458703084,0.15641623539666638,-0.9170263877179793,0.048120338752164725,-2.522081461118171,-6.604715033942804,7.811714151910864,0.0,0.0
456,-1.6693070945016513,-0.900661292195354,-4.336354973075456,0.13885709175810756,0.8375499465901203,0.5284210395464656,-0.21307749308215906,5.97705072833259,-1.1549441305591954,7.741986573407424,0.0,0.0
457,2.441090106795954,-3.0841220094762325,1.015360055178827,-0.745536076836841,-0.45184407788755393,-0.489911101540553,-3.7862661277373584,-6.111067266747512,-2.7483430984789377,7.916574574019314,0.0,0.0
458,2.0894069273108933,1.9613768011003236,1.62244351467529,-0.3751754126979005,-0.9192019524758916,-0.11962934536086389,0.15096849854618669,-5.429307069254932,0.75468114270471,7.788913293039182,4.620294280097607,2753.048781206794
459,2.8507737714256898,3.602442880619175,1.6718829358836307,-0.9432435298489229,0.1723565134780408,-0.28387475347384844,-4.389155821457395,4.80404991018393,-0.42939825221019895,7.654380544034876,0.0,0.0
460,1.515110244603492,2.0495824741845667,-2.5200058622487838,-0.6599164498236345,-0.15406501637662673,0.7353735445207695,-3.4737067824062886,0.23460671439400999,3.1604685473301712,7.756515951097963,4.825301393860557,2090.6747336731464
461,-1.4636719709623531,-1.0687387807612592,2.524414307666829,0.891166930890613,0.4060162343157261,0.2024162018196242,5.485188573635098,2.323373259798417,4.059584130206147,7.871008186247421,1.7900300554147057,1663.5385475843268
462,-0.21459548954113442,-1.5101633434329116,-3.792700275784737,-0.5143964125896896,0.8556294700540045,0.057398089602020586,-4.233585351394141,5.2480867387993175,-3.3964309231450693,7.779827697310574,0.0,0.0
463,-2.9747910515404405,1.4413245524140397,-1.3939853696842845,-0.0580673400387651,0.42966200539060556,0.9011208271616774,-3.445500432256337,5.172775269298325,5.707031422210968,7.917774017448824,0.0,0.0
464,2.6015949084218453,-1.8648545306075759,3.676069777012237,-0.33051964300619596,0.6565751969259161,-0.6779865606107183,-0.6833591565509378,3.2868736816565103,-1.3196707322354724,7.742250635697433,4.931473363658531,4134.450069478967
465,-3.643033786802297,-0.4888683036212088,0.12467285550501533,0.9336951595255094,0.316366687383804,-0.1677064941868149,3.094199977284519,2.6619854831377703,-0.8658738792422537,7.713763514209027,5.451390436251629,3511.978735621211
466,0.9391457691326179,3.867814704789861,1.1961590189053726,0.27830718061721627,-0.5000659147961111,-0.8200482876489804,1.9611808255457552,0.12748583096964405,-4.952556387438657,7.825955998039979,0.0,0.0
467,-0.10613642030841547,-0.39209791295856516,4.107780229336379,0.1974930201825179,-0.5839352231670961,-0.7874110502932894,1.215451051210143,-4.376622300646152,-2.3578773573745,7.845710276099466,2.082606979410711,1584.2805773826008
468,2.637624164957694,0.45485170436768896,-2.2529338110075803,0.19916454251269766,0.10675666053783034,0.9741337179445737,4.137315496465529,1.0778377669648351,5.49778944729781,7.805781449691125,0.0,0.0
469,-1.1129324252731143,0.0965168682525592,3.8955844306291247,0.513994552718239,-0.8571745379015974,-0.03257930860470654,2.7374389311331866,-6.615754413728041,3.93759200246384,7.747053122647364,0.0,0.0
470,2.670975990317794,-0.5877453479792047,1.9017304078991353,-0.45971601774852344,0.5527766991836208,0.6950533100885861,-1.4026256152075063,3.83860303081031,7.142883277685141,7.834648799140793,0.0,0.0
471,3.9710407757904007,-0.4121891818192115,1.6537945900658733,-0.05034206478427311,0.7488389499572478,-0.660837274629831,2.9818241879237393,5.237327274279399,-3.7466452140900213,7.841476717477952,0.0,0.0
472,-1.528845981508503,0.5543211466273318,-3.6398157705441267,-0.8291752692298334,0.19886503465014038,0.522418482532186,-7.943967525972151,2.8067799216918083,0.15193809989300727,7.758940541133029,0.0,0.0
473,-3.944842855993141,0.3842815933732379,-1.8217461470827228,0.10069693052270057,0.5172442537762266,0.8498932345411281,-3.1538030688827985,4.386129257878959,4.826372989928848,7.703828500643833,0.0,0.0
474,-0.18912022330925765,-3.8349409550156737,-1.9245396087244862,-0.9392821181494728,0.3004002008448016,0.16585783628470108,-7.213855836869655,-1.625103127025011,-0.7338917177540066,7.719323271875883,0.0,0.0
475,3.126690179049036,-1.6540545769120467,1.9449158325544462,-0.3149176717797577,-0.3768404634224005,-0.8711016732439487,0.17314264654252928,-4.914138244878007,-4.499140267292054,7.73981431141949,0.0,0.0
476,-4.497492350251617,0.914985051876765,-0.023246181590888912,0.7712735708039387,0.6315014776026169,-0.07964271947299151,1.5713834282811243,5.398515804655881,-0.1818955447110914,7.719359494339159,0.0,0.0
477,0.7422540932332682,1.5105194296602475,-4.644992519902633,-0.8125972158062618,0.5248879605000611,0.2533345491361137,-5.401934836051646,5.466088870708432,-2.074669561037272,7.70303514288459,0.0,0.0
478,0.10727450220251171,-0.36037627234307923,-3.405991779226775,0.266015120523619,0.4044649713633658,0.8750108814139606,2.0955035124421713,3.055091560849232,3.1742338744916343,7.670391620059829,5.020729783028339,3094.2732103210287
479,0.3522394942313931,-2.227098744595201,-3.3131429107539425,0.5291476703234359,0.5681088206592969,0.6302817710202188,3.9739532510117206,2.087182831664492,1.6360076239096266,7.586562387047633,3.3338480612149297,4496.272728310389
480,-0.9702216789343665,0.8991775997057592,3.7248013115480565,0.9640866454516545,0.21775101002619263,-0.1520573500175152,6.783817538791882,2.1553275644568677,2.745446112335061,7.827931379214505,0.0,0.0
481,-4.279663089236309,1.7414871690572267,1.8675864287075714,-0.39489817742686273,-0.028648051590599764,-0.9182781270426756,-7.771920318997403,0.789670401713745,-4.689503222386868,7.525766917054922,0.0,0.0
482,0.8227774029659682,-1.8367585866390577,-4.086687851318673,-0.3236127937404484,0.23177397261738072,0.9173633878374805,-1.0838711902267342,-0.15205950812749952,3.0990651050394318,7.7393833855330465,5.432268737247779,3103.231390873645
483,0.14428789778330833,2.456049953848096,2.2780811250826773,-0.261812062068987,-0.7644370198582779,0.5891438591934739,-2.042462382716181,-3.1164061126706146,7.211445434928358,7.773831112280416,0.0,0.0
484,-4.662900042744155,0.7405920902295683,0.6030522984667956,0.970785576259858,-0.23831124852395136,-0.027984169681642357,2.980806411809209,-0.5470700793763876,0.3557462434798077,7.827331860143192,5.987953199086171,2162.034480487612
485,-0.09567254110787884,-0.8280851677510783,4.012430907836707,0.10104298302195713,-0.6425132940184609,-0.7595834270121824,1.0982029882926445,-5.904752837282452,-2.025556250499473,7.948397550898529,0.0,0.0
486,-0.6888857463870768,-2.0869035146249315,-3.717877945857041,0.9394970962248245,0.3177095762380234,-0.1280852503287504,6.572517527815818,0.44939090257964287,-4.0291215182383215,7.750714109867252,0.0,0.0
487,-3.1593989875701283,-1.9645536839070008,-2.35363358346961,0.08805474426872198,0.9207910972492035,-0.3799869961437863,-3.0528760591996913,5.070404645434737,-5.7562704031620155,7.754155379810122,0.0,0.0
488,-0.1963128450251131,0.7287788737346141,-3.4800149015712276,-0.46365877486752877,-0.24747191914553393,0.8507515440613486,-3.062026435989326,-0.8506509711175533,3.566275678919398,7.776329937774955,4.794673328923066,2547.4000972955932
489,-1.8242936044799145,0.2051582504410625,-3.9525309705596396,-0.7394014448178968,0.12357200613597664,0.6618273662374026,-7.655180246358417,1.6896300024888726,1.286165546267253,7.885224847923965,0.0,0.0
490,-2.382941364806325,-3.2868110228518477,0.1016182067321153,0.5028121180119063,0.3848034090841411,-0.7740195800737886,1.1726976285385462,-1.1930161665416612,-6.2884032855641285,7.8472959652690495,0.0,0.0
491,1.5817922553864918,1.1363227787621235,3.1197612349421666,0.2591427862408853,0.7608689672969642,-0.5949146417291832,4.117808289167487,6.142699535818879,-1.742307125307162,7.600815706254391,0.0,0.0
492,-2.125304763892292,-3.6424092784485342,0.9442756782021333,-0.08557009606418076,0.8382764612114008,0.5384889351123734,-2.7561374133151775,2.938087135489842,5.46216915839908,7.95287987246087,0.0,0.0
493,-2.161644963510869,3.86851547067587,-0.1740724276100633,0.83705083043343,-0.010375247556615286,0.5470267466119406,4.487626646312492,4.022297140250365,3.7502808574953264,7.7889520014451366,0.0,0.0
494,-0.8903340406868844,0.80415544251488,-3.408616625356905,0.1662722592045382,0.8662151070469679,0.4711952081066071,0.32817767131659936,7.439674774536629,0.8702026906299148,7.9643018695043395,0.0,0.0
495,0.22840868313492163,-4.342202781372969,1.0305418161506195,0.48500808686970637,0.7977619688935884,0.3582499081060771,3.6298625698044837,1.942032276205342,3.2970558176320965,7.750412195981983,0.0,0.0
496,2.8860930392531716,-2.9563843997785204,-0.13172630926509482,0.2507154503252082,0.767607029782126,-0.589848464266281,4.600283937545113,3.4460833314480652,-4.474271898583961,7.841201032415443,0.0,0.0
497,-2.829083887636685,1.6969851430257128,0.5431808922823692,0.6311250197826109,0.08810772444953531,0.7706609100614381,2.215341345324661,1.2470892063576715,6.357903697238825,7.883212199981006,0.0,0.0
498,-1.0685406203991397,-2.621269072400668,-1.473829131026315,0.8197370176195725,-0.33743225603705074,0.4627857976752474,5.218483632482004,-4.974412349577178,2.2355301886080765,7.671896524723814,0.0,0.0
499,-0.970454443501573,0.8179142586592081,-4.558479369030952,0.9915473630818754,-0.05167778993592162,-0.11900938111224085,6.639188011902074,1.0069882769399474,-5.207911855676371,7.7889918796910615,0.0,0.0
500,1.7685336551893414,-3.4807570560657943,-2.2538136578664796,-0.7192041246778592,0.3865727493243055,-0.577327408431474,-3.6720701017766206,-0.32045217641090923,-6.987643871848396,7.834959078853157,0.0,0.0
501,-2.3297099476728387,2.607364055812819,0.46709729700449304,0.6393707269153519,0.4727963647065997,-0.6063568842554347,2.6541729584817104,5.7360974007063525,-4.038434705831523,7.565841679369468,0.0,0.0
502,1.5828077544149706,1.7619431942722692,-2.145798371029265,-0.6181679170328405,-0.49500923043855566,-0.6106015788809496,-3.0835531352298218,-2.2815076758061617,-6.894748008802923,7.721340926042538,0.0,0.0
503,1.70245819698724,-2.5024203929821196,1.8436806108573045,-0.24256738281086834,0.04110656841800687,-0.9692632845770965,0.1228901857041982,-2.3635982108609666,-5.936187849712496,7.806583766183794,2.4671095058241046,1216.3806452250913
504,-1.802411349215007,-2.529443719708661,0.8493985280867652,-0.14390000487855203,0.6480944667873318,-0.747841126654316,-2.179819376671663,2.931505393031069,-4.781590860994147,7.959351813107321,3.0977637270185623,1574.6916108733801
505,0.47359675335811274,-0.6745990617292998,3.228837505927828,0.09228830824609387,-0.30856769228268355,-0.94671476561867,1.4083877253587767,-3.5159091966736016,-4.171573300795989,7.939105012318932,4.595857807226328,2453.9089223416854
506,2.904067108745253,1.1938076637784567,-0.2283129921656663,0.10168439719174366,-0.9925794832751853,0.06668022757098113,3.3569732634627347,-6.5316927842474835,-0.2083225641220746,7.845111390051252,0.0,0.0
507,-0.5558277456622328,2.3495939452446013,-2.7869378207228217,0.833344213120874,-0.4812145670931091,0.2719741952379729,5.802001857774638,-0.6775724065231041,-1.6191127324755252,7.61470848385364,1.942326771373246,0.0
508,3.6490582211070386,1.8173882771255911,0.10545012224639598,0.04745635204691795,-0.22182671393357514,0.97393059487616,3.889687265483889,-0.0006420947570483006,7.666618298783829,7.804668904162474,0.0,0.0
509,-0.14019626091677156,0.11104607258237965,-3.494944987407657,0.5971778838978462,-0.8018338272163957,0.02100210738945099,5.368718261362723,-5.351180698798655,-3.2072509928029316,7.74998468902711,0.0,0.0
510,2.1661389910771685,1.5166081407573009,-3.0949399783664395,-0.5237983173619496,-0.5423071383704544,0.6569157407166,-2.247389702785337,-1.7912245388271553,2.1653404170058725,7.703692794970068,5.662011880489307,2807.1989497733307
511,-1.7583426706592467,2.204352782756382,1.5429073972462224,0.8371243282011309,0.3574679229865267,0.4140525850293705,3.895880199785227,6.808560679977339,4.0965449666504234,7.861256301404961,0.0,0.0
512,0.12144642887683811,-0.13019839375599968,-4.951340072404016,-0.5014541466405676,0.5779291425416935,0.6438490855922708,-3.901425061504072,4.359656057010384,-0.289721892828616,7.606008594057778,0.0,0.0
513,-3.837991401349311,-1.5100239409644014,0.3101423632271943,0.6611983584641041,0.6986394214556273,-0.2733490251537778,0.41319238200666003,3.9311212157657978,-1.2153046975423862,7.740846401467993,4.451571250138986,2476.7170312583207
514,1.5634837995861712,-4.548869573785618,1.1048187825096483,-0.5460016269569118,0.04062598049200317,-0.8367985140220249,-3.060004710679912,-4.493339143314263,-4.664209280766269,7.827047132278539,0.0,0.0
515,2.74771785626569,-1.2759113173807113,-3.4550838683341176,-0.6809447382253864,0.6422781329556239,0.3518423843288327,-2.7934542373707143,3.220660188637147,0.024592934079091876,7.868617771497102,3.717750141746175,2115.410434762637
516,3.5568230489451187,0.4753845779823947,1.6083558441880228,-0.7191929395937696,-0.46942197743511177,-0.5122543535582513,-2.205980053511414,-3.545946426477393,-2.555479088033835,7.966300361466658,4.870956758320155,2730.179698988604
517,2.8327834429172456,-0.038739182599551066,-1.5400248009438007,0.0533970969169148,0.7216468944617711,0.690198891446898,3.4008005567003856,4.966523428572425,4.131359216181348,7.799224918805167,0.0,0.0
518,2.4754807060136117,0.38005332412718434,3.238891252918165,0.2642465194825667,0.8196042557703681,-0.5083528704201943,4.513456588852363,6.945700624837776,-0.19944065603529892,7.705916551835464,0.0,0.0
519,-2.2817170791875903,-4.095257323346583,-1.4408381719030472,0.9139095628813023,0.0038887092745575336,0.4058992348037689,4.7376725728205775,-4.047271264714696,0.9487376899006345,7.565483340238605,0.0,0.0
520,2.520321152478751,0.8624669406306882,3.5781116132675104,-0.5130879696731601,-0.4828076798177785,-0.7096742067213998,-1.636558302713722,-3.1268494589146205,-2.1439748093997495,7.931987053873662,5.1333031090117025,3711.356134688006
521,-4.06655687752973,1.7905076032439042,0.08798301088604797,0.16724891560857996,0.015974422848576364,0.9857852798872628,-2.532028822381284,2.7763026782986713,7.555390613603499,7.773912933053805,0.0,0.0
522,-0.42644101854296257,3.027759921824784,-3.456245363945971,0.6383640601759623,-0.7646540971619914,0.08829177973651016,4.673930126380939,-2.4996826909537306,-3.8518935857276095,7.802209019453242,0.0,0.0
523,-0.1627501313223337,3.0068363569707284,-2.196596956853953,0.9800391575742925,-0.18732877557224875,0.0665671049668929,7.411678990108837,1.486598552687058,-1.2964756823468646,7.808522584634273,0.0,0.0
524,3.451526773930637,2.812513630665152,1.7008750551474912,-0.5276017061239174,-0.35923939599256033,-0.7697944505269131,-0.37212540541151606,0.08116616425497547,-4.434598416216182,7.7735463956029855,3.67435774458062,1669.6317393822565
525,-3.551237715926471,-1.7837555476830176,-2.9755252541199044,0.9800391575742925,-0.18732877557224875,0.0665671049668929,3.6333672305165137,-3.968690735253583,-2.505730665774048,7.855578022196408,0.0,0.0
526,2.7411375442062136,3.0947599427274257,0.6842484859744419,-0.04592437838446663,-0.20269668213009293,-0.9781640999972614,2.795438538377414,0.8896361520350201,-7.1356470398558445,7.970711918922549,0.0,0.0
527,0.9659885018657318,3.791904646140285,-1.202056704992173,-0.6141642979901939,-0.315560802224417,-0.7233419628182058,-3.9920679284821463,2.0289847161671677,-6.619384658384883,7.651508285758685,0.0,0.0
528,-1.0547299101707879,2.878347202667005,-1.1993768323845255,0.14427909089448868,-0.13630394112788563,0.9801044738004545,0.7210118082147517,1.000438508144108,5.990476943003587,7.828390160247842,2.0406650477179618,1027.9105564268918
529,-2.440982393952513,1.0440973477713573,-3.3856383092172293,-0.12970896813793734,-0.8630665116801639,0.48815139045261896,-2.408991513564468,-5.479587213636095,0.6658258567557382,7.846468032263441,0.0,0.0
530,0.21660404534212266,-1.0959269057117482,4.634776827606296,0.6208053676876077,-0.34818441002894435,-0.7024018166712344,5.244429262018837,-4.176005402458789,-0.6619514083965883,7.841630627622275,0.0,0.0
531,1.394459993535621,-3.5409509560301005,-1.0156262603085353,-0.5667662135339366,0.7859907627521578,-0.2469708081225099,-2.9188748600864223,2.868651460217331,-2.834775872597167,7.807292362390439,4.066419522663942,2745.248897833805
532,-3.398687927171931,-1.980594593323547,-0.9043057912623789,0.6113753995967247,-0.7496064499148296,0.2535947377490932,1.4365464812899487,-7.845005512318495,0.8576721275650826,7.797370279027546,0.0,0.0
533,-0.9385876957871319,-4.012917461191293,-1.3410447641574486,0.9942244814968905,0.06596247433717087,-0.08465596477246773,6.858435107828006,-2.5525831723524255,-2.221052049721354,7.964983869588167,0.0,0.0
534,-0.2085105248029768,-4.027537428591382,-1.7550212722745029,-0.48862139249717285,0.8367652962406673,-0.24712946769131397,-4.346585705342301,2.6100250323444825,-3.4715155421792914,7.885050038769095,0.0,0.0
535,1.1522306113445817,-2.4587812023823212,-3.690776214362101,-0.15358331932192937,0.9275481329766316,-0.34068552220137427,0.04025123978655927,5.035286245758685,-6.3262445003686025,7.913962688952834,0.0,0.0
536,-1.9122834398699429,-2.229630327642125,-1.206398024832477,-0.1626378765510288,0.05915040964181195,0.9849112397318747,-3.074060805238041,-1.2887034913332267,6.536170914827835,7.829497127524466,0.0,0.024
537,-3.8005164521585333,-2.864220683588327,0.06803241847983639,0.7034276484220567,0.06583409310746167,0.7077113928856406,1.986803809664772,-2.530364701594676,5.656312933627352,7.88481614831266,0.0,0.0
538,2.5070388543623454,1.0020354845248745,-2.908651998424957,-0.753956718429136,-0.5050614724172755,0.42007401230647706,-3.0339420348491006,-3.1816283305935227,0.06702494123951441,7.738621098017453,4.806251850831921,1801.3409000890924
539,-3.224811047946014,-0.3767427169422115,3.5918741187877563,-0.3451906965962301,-0.8378083298356845,-0.4229900535962404,-5.236054904311857,-7.351008887754104,0.7980928920425625,7.752756444103839,0.0,0.0
540,-3.2986180118647472,-3.6214866042329468,-0.09129519425421392,-0.5178055041249672,0.49479981962523945,-0.6978901048135867,-7.504304320692771,-0.7356204105276771,-5.772888106381644,7.849121706507257,0.0,0.0
541,-1.5763550657123504,2.015995855183218,3.1341310611030746,-0.5820281682469768,-0.6861012431422011,-0.43647255987724504,-6.546311337687802,-2.455877732514083,-0.8975484169372514,8.011455421360859,0.0,0.0
542,1.4885444601882005,-0.1986185860042584,3.075200128548697,-0.25304242503406627,-0.3359717163500572,-0.9072444747396788,0.1457384949548719,-3.245098322263003,-4.150262119937579,7.835099481053889,4.940624776061236,5609.715736879305
543,-1.7099028969430086,-3.6380776983672938,-1.2602425571087275,-0.6722649277126063,0.07965900861727152,0.7360124382873415,-7.200650203029629,-2.827928778094074,4.548685104169538,7.9007748810267024,0.0,0.0
544,-0.5133149692610374,2.818058168605801,3.494727207625765,-0.12939863640245824,-0.882838711302694,0.4514995046758999,-1.4351324549269417,-2.514718242435488,7.5727922721697905,7.382584999216813,0.0,0.0
545,-4.3556724279120305,1.768444505852885,-0.8787610658112788,0.04957605231932288,-0.9974331473559164,0.05166557453568673,-4.169974588762471,-5.940724390620331,0.11484771680870871,7.768448242278781,0.0,0.0
546,-0.47215505853033957,0.913798133499155,4.252048473765623,-0.5636937137659568,0.2267517538492886,-0.7942499853238999,-4.3759230420650645,2.1891078119459113,-2.136188589166446,8.003049195873253,0.0,0.0
547,-3.6996940666381435,2.3366929572871786,-1.1324666857656933,0.6835075820910899,-0.7084702779703634,-0.17574768976173813,1.4795328721255314,-3.014767106779035,-3.003472979981069,7.722465773397019,4.157358981185036,3455.5394505826716
548,2.300894636814584,1.2139065306126204,-2.9807172916997935,-0.5371954459412275,0.6045796543684858,0.5881364589818319,-2.3605869078338624,5.974355709916468,0.8339683847017688,7.697731545530667,0.0,0.0
549,-2.446341138992128,1.7453062063385194,1.2770639929332046,0.7534005753432355,0.6521593377867614,-0.08411760344906972,2.917893426215707,7.044205771494076,0.8709315655733546,7.675362461243286,0.0,0.0
550,-0.9034026917731367,1.5805089797014489,-2.5527764193956757,0.04957605231932288,-0.9974331473559164,0.05166557453568673,0.07642744023763445,-6.323447141623148,-2.473015621953219,7.987698487019454,2.907257813182992,1419.1068999620556
551,2.8923932831990617,-2.149857678593939,-1.657931797710412,0.36852002057769184,0.87971206443736,0.30049904844570774,5.663909083671101,4.941557493562201,0.5446553048885241,7.851391459669477,0.0,0.0
552,-0.5684361521944469,3.7377189236269173,2.9130539053872204,-0.41498891354278755,0.41853676519815214,-0.807843535478278,-3.9448405446782493,6.632176517545759,-3.4535880925099662,7.764232128843433,0.0,0.0
553,-0.4775856535124818,-4.384308269208532,-0.07003935411494203,0.33423066012402297,0.8055539473936173,0.4892572980259172,2.378921706630754,1.9993403166450998,3.9481754879281814,7.925229177878514,3.378121763969826,1591.4915963794308
554,1.7248131281389625,-0.5795395851463373,3.4615083902181145,-0.22450322401188744,-0.7555439939401084,-0.615427961364527,-0.13852714948552772,-6.546093727387486,-1.5594679155719802,7.853750183383268,0.0,0.0
555,-1.0777470141829015,2.0255932534090837,-3.930515643419132,-0.026956908067959657,0.6255142296851722,0.7797469291820144,-1.875162660242543,7.142553315918334,1.7720286377376773,7.746742904150589,0.0,0.0
556,1.178368136202,0.36890715314520667,-3.2358163426916446,0.05014802763720411,0.78536805966127,0.6169944782475694,1.8425327967689153,6.961734864917026,0.3414409611342048,7.9452886519503965,0.0,0.0
557,2.7415305701248873,-3.057527901562003,1.665149317090957,-0.9595651526979494,-0.2739645213220078,-0.06463867870373129,-4.870639239137098,-4.9405190019694984,1.0430661848993206,7.834878684915403,0.0,0.0
558,-1.7833081465247649,1.8612561788842956,-2.814038947456418,0.8966286037676798,0.09754279343183889,-0.4319057192896787,4.480002893773432,2.368290164355196,-6.5678473799559525,7.534812192933214,0.0,0.0
559,-1.660051446095062,-0.1945235754226912,3.477757994860176,0.5904633528879336,0.7663524456499123,-0.25309476079669807,3.39702355976098,5.768989664531847,2.001396672460267,7.909787261870705,0.0,0.0
560,-3.468149487452272,2.0812279175044233,-0.9902419446671358,0.6547480633844635,0.6609682998804783,0.36664135070584286,1.4910213118158608,7.273905934919668,2.478342232293163,7.919265947726562,0.0,0.0
561,-3.520074895994789,1.9310855162596736,2.1471499926005935,0.9612891044316445,0.2582563350313159,-0.09605687438803895,3.9623924113207774,3.625339945763297,1.3958547695243129,7.695185233278109,0.0,0.0
562,-1.5156024822339886,4.573226372338951,0.8165666578143912,-0.006672620810534713,-0.9660948929705547,0.2581010149296806,-1.0255392366542813,-2.989969916165186,2.539500455627767,7.789575124411768,3.4843733504279624,2074.5242407482633
563,1.0050035505174941,2.7900291569520768,-2.040770713799486,-0.6722649277126063,0.07965900861727152,0.7360124382873415,-3.865470437781845,3.287148872627125,4.021052252043163,7.790354819289115,0.0,0.0
564,3.1982841460443043,0.18188502934545425,0.925106270856429,-0.4618946611180398,0.8869238724846394,-0.004400732609725192,-0.77409491646699,6.921571819575832,0.06424744121529134,7.9202140117208115,0.0,0.0
565,4.185770005583518,0.34806832239312785,-1.7658659107421724,-0.1016799016063371,0.7864080558448131,0.6092811890348389,3.389385992243798,6.708974253486085,2.66807456401068,7.751775296651567,0.0,0.0
566,1.9173327865000198,2.8150508544294,-2.0610255079667548,-0.19079224812481624,-0.7815846285567039,0.5939055366464923,-0.6124396096603919,-2.880033985118707,2.6349787235649487,7.869511667664952,5.416989023268787,0.0
567,0.3420488918926955,-0.8823956106534374,-3.0215275274903517,-0.11297193275913756,0.9381175282556115,0.3273726402560957,-0.433361383950154,5.907607457463821,-0.2879291789152532,7.514615786355799,2.9739020380208285,2869.9565778483216
568,-1.7535943890376984,-3.5458183169383495,1.5935520876699776,0.2593336740406722,0.20774396284254854,-0.943179988873301,0.04420053145010976,-2.422827343556007,-5.468758150622839,7.398665543215652,0.0,0.0
569,1.6613385422621774,0.5081039433416905,-3.2968217243223417,-0.9946283596009651,-0.10339639864829073,0.0048591176212491325,-6.1499159335474625,-0.04886979292879228,-3.1457966811815607,7.794824611203408,0.0,0.0
570,2.5268398999601165,-2.414116588841394,-1.868581964986407,-0.4168364709566805,-0.6240809914237372,0.660885975508594,-0.48698870690670415,-6.981098124570515,3.5860887997911255,7.764267345062868,0.0,0.0
571,-0.41305687434651717,-3.97383362192777,2.388853052021308,-0.6883365679470144,0.2448741798425198,-0.6828099334905569,-5.650253999998063,-3.275255782769114,-2.8430596084003406,7.784942725342128,0.0,0.0
572,1.9681418001735203,2.6407918068815963,0.8314455512037071,-0.6471058280394386,-0.7341767604243787,-0.20552014930453166,-3.323315704445076,-2.8577930512193856,0.2673617218406174,7.8574623829998895,5.677324370376485,2527.2881042258573
573,2.931248284635562,-3.22740810138691,0.9968749856881398,-0.36953116516101575,-0.02774844951137265,0.9288039306142374,0.06672712322237655,-3.1409253370113492,8.161136135865037,7.7023722861492,0.0,0.0
574,4.138600439031372,1.4119219807118075,2.3887259963981733,0.1432358555247344,0.37437783338992525,-0.9161466736054675,5.09899689835474,4.095823502527299,-5.013163452107388,7.844901285897853,0.0,0.0
575,1.0592657014656204,-3.1808860248504978,-2.8072653318765215,-0.6009044328063314,0.7785077090508146,0.18121702343365395,-3.5852944367207358,3.2912263924479315,-1.921708523402169,7.914471817897228,3.296515979910877,0.0
576,-2.6208274294470626,-1.17654225007414,-2.7413045249018313,0.2108252292394474,0.19754965084004206,0.9573540923655741,-0.6882105883166225,-0.2576977890830093,4.869740650966028,7.80122291025245,4.178788317018827,2691.3275810247637
577,-2.4674904420001487,3.3328386143722377,-1.5922803846641898,-0.3362193846070454,-0.1684237363970224,0.9266013006857513,-4.9039029765497935,1.686531613656371,5.7932050230667675,7.890625742907865,0.0,0.0
578,1.3012729730358228,-2.1941279174971675,-4.222365202666631,-0.12893187160223402,0.8434842341472794,0.5214507831330994,0.7753834497428062,4.726701138437275,-1.4260026909220802,7.780274617778347,2.939107638398287,0.0
579,-1.9176328026109883,-3.0620003568630088,-2.2395329348829045,0.7344690493652978,-0.591434475046398,0.33280696695085515,2.2564733280635254,-8.122690861510991,0.4729643875335967,7.886860542958338,0.0,0.0
580,0.06842966845126065,-4.063388521268762,-0.5405376782548493,-0.2578979692594963,0.8694981738425125,-0.42126187002429233,-1.6257395254446503,2.5918980373368252,-4.313252430044918,7.804275244487717,3.2901458919766333,1875.9983910666963
581,2.6322274978217415,-0.42545013778060836,-3.3553892966783443,-0.6826211120630108,0.5716132792765698,0.4552874655869026,-2.7449939892181674,4.429108563033952,0.14669334135892667,7.915353217536309,3.4739589747561106,5505.871140307132
582,1.209857686997616,-2.3388384100938433,-2.9461852019861134,0.11977581163680712,0.616553751286127,0.7781485891022027,2.9758759186547152,1.861985377177161,2.8218162496854076,7.645720233887499,4.7660452112475875,1589.2404262884825
583,-3.177326035068201,3.691864637554724,0.49827575262039164,-0.3397431306785055,-0.6494611183501413,0.6802755771804188,-5.1295167824023435,-1.5773744756082833,6.1323728371984565,7.874798194701419,0.0,0.0
584,3.438635635778053,0.1397901141837396,-2.100581852682814,-0.6768323884274849,0.11673057420209665,0.7268231497565243,-2.0419775858679503,1.0948391144257485,3.4687084769473024,7.839666517719891,5.27666842769274,2987.738075282153
585,2.7498207245271176,3.7428665736298896,1.525269382083697,-0.23836614194970945,-0.8670874308333743,0.43742538753802285,1.178217870539651,-3.1868998231267525,4.514003016456242,7.785523712167871,0.0,0.0
586,-3.5173982838623123,-1.1220912291385452,-0.08585744357165918,0.0210067136479217,0.6201732528832228,-0.7841835591173513,-3.10865085626862,3.611251332492277,-6.063844843563242,7.680544115859801,0.0,0.0
587,1.2931181096941735,2.9311631753147482,-0.5768788789812562,0.24510497025844963,-0.8160219372425507,-0.5234804213086858,3.806260635334713,-3.015008627658147,-4.977897033245129,7.699720753278261,2.385342113766149,834.0015927335463
588,1.402365405677133,1.7612455832548204,4.144863581167004,0.542461045718427,-0.5720289537627474,-0.6152388885101195,5.134384980103789,-2.6639544134345594,-0.8360411186577049,7.842115784305019,0.0,0.0
589,0.25164459239125014,1.8658836772990341,-3.153246918841377,-0.827773631388118,-0.4949720160132571,0.2641846296480936,-6.267299937752745,-2.3082359577632374,-1.0841484277348234,7.892941587833238,0.0,0.0
590,-2.7437508136704105,0.827977126064355,1.2142104916909968,-0.18660898329750641,-0.9824214834765751,-0.005011602174618851,-3.8548507064448567,-6.815108072829111,1.6134341911855838,7.775890224342875,0.0,0.0
591,1.7056703588595548,-3.777628409636539,-1.7409059390053474,-0.4462213386780577,0.3943439004135985,0.803355092792068,-1.843544483188756,-1.0431250370839982,4.713024148515104,7.732522092242094,2.7666966352551103,1692.5056569161259
592,-0.586171980516272,-1.3657345042614069,3.552716690582304,0.577164731741857,-0.28330583279401067,-0.7659103586832093,4.362196705712955,-3.385889487966125,-2.345889897645215,7.80956937767924,2.2633624292939656,2131.983790696873
593,-2.908151032923517,-1.6543116230046613,-2.950477245845048,-0.4962845079990825,0.8091373430414814,0.3146401869054251,-5.53327328203171,4.684273702940638,-2.5008601120826492,7.589584130540896,0.0,0.0
594,-1.4332025295161848,3.03552616041374,-0.9466436055015564,0.7411237049969468,-0.5750003870499862,0.34656919768491334,4.28903471869914,-1.400451363405318,2.3824854579253265,7.859868370336986,4.905676905164242,3325.4093524157383
595,2.602582430479108,2.296280856716109,1.7881961182913,-0.8513608493661277,-0.00642460354645813,-0.5245411600969523,-4.012053297341949,2.423491166525447,-2.594024601676625,7.920307160766503,3.6676233327088745,2733.835187568545
596,3.610502227360509,0.7499104350126767,0.8732053815598966,-0.941284441388174,0.2297619698196185,-0.24737226527070935,-3.352108762145168,3.091848004706389,-0.6488362278285058,7.633893284107372,4.780385500556549,3938.2670359136687
597,-2.014343853374844,3.854337010373237,-0.594694093620909,-0.12260153844227659,-0.47008764244280965,0.8740631963388851,-3.292320557257244,-0.238733553844383,5.813175662475571,7.760848520847718,0.0,0.0
598,0.5993995153493752,-3.372270894011618,2.9154835963185444,0.7946568788119764,0.5249655783406899,0.3048468246746763,6.402524046985859,1.1337916047842924,5.132486067314391,7.843484416806859,0.0,0.0
599,1.1416624942320701,-2.1966722414630993,-3.2106327433182624,-0.29761918996948966,0.8691230268345111,0.3950290900527741,-1.309327731712238,3.945722074841177,0.2992258847841705,7.848973957668877,4.233702309809088,3028.4838798311866
600,1.0620920936835616,-4.157752182394875,-1.7310063899673667,0.577716543614412,0.31987243925455155,0.750949544136995,5.708583039778946,-1.4490175784079582,3.9784426490705034,7.714661941114357,0.0,0.0
601,4.441728606037833,0.9505026457356354,-1.6172679920472892,-0.5734269707260905,0.21936532720187002,0.7893417273054276,1.0478620899974764,3.334081548391334,4.2241266824427175,7.677865315031593,0.0,0.0
602,-0.3859605579038209,-3.189753120582782,3.4535471503463846,0.7764029607808954,-0.07216549626317348,-0.6260915137899166,6.316898084570507,-3.4312951025800453,-0.5853398999017624,7.790389832908429,0.0,0.0
603,3.9433576699077975,-1.9413533140961767,2.1292348651187685,-0.7149769242710072,-0.24865552327369284,0.6534358641102097,-0.603854722110592,-3.9606251128516,7.533488312378524,7.654139431974833,0.0,0.0
604,2.4482104852283446,-4.246994897045749,-0.4328208188493136,-0.968026576022033,-0.07817181715799587,-0.23835627769638462,-5.004658761504529,-4.871928376778446,-2.6810381882624945,7.749476257364964,0.0,0.0
605,4.204257861281046,-0.20624146585612516,-1.3224013683333369,0.3946318761938158,0.9017756665045642,-0.17625643134932117,6.436720579046333,6.796167924395777,-3.1607587173702907,7.755808784630905,0.0,0.0
606,1.3206923106127904,-2.4038942216290233,-2.167400083136449,0.21487700749468072,0.17164231125277732,0.961439955815201,3.216814613872099,-0.7040203591486869,5.23127345857915,7.8155782480286025,2.496400611117914,1536.472060505722
607,4.006746071616399,-2.473963884902659,1.2017665148729928,0.03167970921519224,0.42653934897756357,0.9039140334112737,4.713353333540909,1.3252656198087622,8.165415620229721,7.836756462372347,0.0,0.0
608,0.6645557647370566,-4.4949671101530075,0.43042050816137484,0.24028195752254722,-0.35901658868756686,0.9018712047383902,1.9340499668038957,-7.049434739854041,7.453103608198964,7.751827075883876,0.0,0.0
609,0.6253377224967294,3.443461526040936,-3.189295547886776,0.5298797386098797,0.7757466196427829,-0.3427019765386845,4.3312392123505115,10.183582362167282,-5.4698159503670345,7.953263888987777,0.0,0.0
610,1.1852057427680303,2.803041921660798,-2.3740402786186006,0.8951718246881248,0.44150383788122527,0.0611699715602519,7.769086858602747,5.736226605108318,-1.2256563163511662,7.684668095576769,0.0,0.0
611,0.7820994905784017,0.6784026557687538,4.06874214726579,-0.2828389057391379,-0.38266548400368944,0.879527873778034,-1.3203196728599356,-1.634244338968588,11.081652711041363,7.73856307969752,0.0,0.0
612,0.8452484744480291,3.6842788087144553,-1.608547405171062,-0.2759827402407548,-0.3790347140057471,0.8832701810135932,-1.219935443676608,1.3432861926721713,5.5039656220656825,7.914935399507664,2.3879178509274195,1339.6246481863311
613,-3.3479246034048957,-1.5708231012676768,-2.267116329231322,0.4729291193945735,-0.8391526400745719,0.26862779953785404,-0.9744260754959699,-8.095934177685356,0.026457019833116855,7.742645438382853,0.0,0.0
614,0.9336529132349094,-0.615610108101099,4.615520998992582,0.741508350444574,0.3743103315615034,0.5568277488660962,6.796091836448445,2.887662611945414,8.937745968752223,7.986174330127539,0.0,0.0
615,-1.7058143414834557,2.3093695406842096,-1.6055719613762287,0.03790561378050406,0.35927295008429694,-0.9324623916178334,-1.564560753103038,4.254341909735658,-8.908065288557017,7.73053593489654,0.0,0.0
616,-0.3681846781493626,4.296010313755163,1.316714613350954,0.4407868687551119,-0.8543539777566903,-0.2752929658098525,4.034941197155787,-2.022106765709549,-0.6906927141104798,7.9744142120408315,4.633827676905947,2991.7751884605177
617,2.9467218269347213,-3.3061345242486038,0.9021322691845453,-0.002352159671295151,-0.9737578548613965,-0.22757439979183128,3.244752928547598,-10.419581943299542,-2.0376045014152946,7.889692179930033,0.0,0.0
618,3.0958123712486363,1.3851274629665817,-2.994977556588946,-0.05763719119943199,-0.3398297442382623,-0.9387191801180997,3.3486673137428427,-1.5325193272997963,-10.303494452208009,7.794520109318678,0.0,0.0
619,0.7773005692360393,3.489329249205854,1.8561429911063103,-0.20597022333580248,-0.2981887086427734,-0.932019184961852,-0.37469734172760916,1.0922873007261629,-5.395141914240589,7.7719515213300605,2.535142323932406,2105.243411616571
620,0.7837605741883252,4.529547363518328,-0.8997400187196779,-0.2313032754140108,0.16025021354730745,0.9595929677945712,-0.9679787920593892,5.168574687699791,6.536632028989361,7.767888618763625,0.0,0.0
621,3.3371587924402655,1.4773481548940648,1.0815974910909372,-0.8183985372094136,0.5004265951489214,0.2824837290201858,-2.0783486720764985,6.009747314371329,3.373849489597016,7.882518646848281,0.0,0.0
622,-2.3540381515472175,1.8078505802580407,-0.7316554620770765,0.9967157409760682,0.07079381915414068,-0.03931878507912345,5.707695596748645,2.5939591008771936,-0.8086959059112586,7.970324109009885,4.051676810107761,1798.1732996428082
623,-2.539152611249871,-3.8093426732375537,0.9237354075695379,-0.5508322866390445,-0.1671831964053117,0.8177001717229271,-7.431311183749883,-4.845500160858858,6.593655058111451,7.804746857389805,0.0,0.0
624,3.6140338883714107,0.19391853376177148,2.5900252078007346,0.008622489816530882,0.8985237269789772,0.4388402496640121,4.021560281511536,7.4401936555013615,5.997030481794205,7.922054744719839,0.0,0.0
625,0.34967401863313696,2.182134265756648,4.391846906948088,0.40941714586725464,-0.8977245008722627,-0.16269087621485695,4.0729755654949615,-4.390836478356475,2.829980641564886,7.833028443780017,0.0,0.0
626,-0.27990029746383077,3.4370985122591025,-0.5265054409350504,-0.538065099666893,-0.21655625480187785,0.8146099293690452,-4.533391517865481,1.4903574053430162,5.858932269815168,7.821809541840095,0.0,0.0
627,0.8671436468083692,1.1608397915387423,-4.760664165391427,-0.933347167658093,-0.3357509173572698,-0.12702120342040327,-6.062286721335918,-2.6798994949772106,-5.907733528263191,7.991030706040429,0.0,0.0
628,2.9644883291573927,-1.7473350915407497,-0.4452625369472892,0.8728260967748728,0.059579824908152335,-0.4843808927410891,9.64302123202371,-0.7879497158328611,-4.271961921613048,7.690621971237207,0.0,0.0
629,-1.6176006792105309,2.8154815677410823,3.643900404246433,-0.6058277019114118,0.3737468440852289,-0.702343286529507,-6.001689268741358,4.734903389639497,-1.834205558257569,7.71250482770657,0.0,0.0
630,2.6111223942815385,-3.4202412529294586,-1.9075277276452873,0.34856473947207756,-0.47218737142859235,0.8096553023726327,5.4461767517953135,-7.33837316453243,4.385876534671841,7.952260559747926,0.0,0.0
631,-3.996521001324018,1.3453913914239808,1.7103446052656424,-0.2295520709622011,-0.39358445104489154,0.8901669094123058,-6.137048224618276,-2.125476437540249,7.945682789615913,7.586181358056843,0.0,0.0
632,2.113962856378565,-3.431083151244948,-2.1763368480304885,0.920320088402136,0.26588294857525807,0.2869097289051234,9.544631166131559,-2.2592086931060384,-0.15352940014944078,7.770962321860654,0.0,0.0
633,-0.1346249063510494,3.8304686404515382,-0.7666716532780767,0.6538647379262621,-0.6511715296407975,0.3852746338417372,4.891563336805942,-1.0054350509032088,2.9324951278828566,7.779060993141939,2.7025643105607413,1201.3401149414176
634,-0.5816265369167107,-0.75803670228392,3.927997693364894,0.2905211818555248,-0.8841404128291945,-0.3659141611026973,1.2364579057023106,-7.51060968957279,0.8495333843852044,7.683656705045676,0.0,0.0
635,-4.007044811962962,2.243201895413436,1.2539789265456667,0.5500791949602897,-0.7434528334290743,0.3803823914669563,0.5695667432851341,-3.515898465394745,4.057146266935951,7.877638956230515,0.0,0.0
636,-4.048344802340171,1.4252079635227948,-0.12210794469221886,0.6669701343501878,-0.723795915418181,0.17683413898014658,0.9780563473764244,-4.120700495642121,0.6113716909444359,7.636415350808081,3.9657181305217044,1839.965082086759
637,-0.7721462229991726,-3.61647850925971,2.739928789139181,-0.7082130026586191,0.5107260821279753,0.4874353412499669,-6.456043772321236,0.10226797886177136,6.278983831279819,7.751138310791555,0.0,0.0
638,1.5321637342509251,-3.733274397674609,2.6842160971048328,0.7123893187893808,-0.6895313608479762,-0.13056784015193074,6.237375467698636,-9.800635621232363,1.6877907935604284,7.92826521021299,0.0,0.0
639,-4.210312508592452,-1.3086099409348317,0.253920440842992,-0.30338773457203083,0.754497663869192,-0.5819700660061331,-5.723388271042694,4.925404450664567,-3.538281088878048,7.646710530609637,0.0,0.0
640,-0.9473686510105941,3.739551474384238,2.0584291842933093,0.6185439284737901,-0.664238679997908,0.4197503836125081,3.370396853164909,-1.6630540972529404,5.266903648773275,7.840241002441657,0.0,0.0
641,1.750149603459904,2.142145123095244,2.0759619701419747,0.047692552994168594,-0.3706368438105929,-0.927552559372794,2.3981493510131973,-0.5881150554913281,-4.57823486285102,7.552428423625614,3.8654534746627807,2605.9316732063703
642,-2.1092577628744578,-2.287719458314634,1.7306605732127744,0.960362969897834,-0.05188812937314202,0.27388060916970447,4.548976559936336,-2.790412120617652,4.188161455582845,7.661644472281019,0.0,0.0
643,3.6499235069333382,-2.0144626598340203,-1.6537099570295268,-0.7058342121341835,0.7017283433931819,-0.09682663404031502,-1.5465614749934664,4.013819171510094,-2.850220970600087,7.930548238653842,3.4109148402950162,1060.431828690107
644,-2.5529429116696924,-2.073078822478102,0.5416454600554275,-0.33111903931503905,-0.30615714271107475,-0.8925401872017171,-5.435551098905488,-4.141887660224774,-6.414695588511037,7.734688482861563,0.0,0.0
645,-0.6387457644490872,-2.255449864037602,2.9950417007870946,-0.37917235083356304,0.7019903032246216,0.6028581446260415,-3.122707255145548,3.5625668404297692,7.591418975179961,7.816565093398018,0.0,0.0
646,4.050681733937595,0.48761200988036957,0.70024352411238,0.9978036758891644,-0.05799047682967194,-0.03201451200844655,11.977782664770753,0.09137223304266681,0.29207976471304287,7.922959465456654,0.0,0.0
647,-1.1544212758961456,3.6442739068597017,-1.0581773875213691,-0.6310515308840706,0.7634805349449594,0.1373733530530193,-5.238214155088881,10.20007404276814,-0.3962939491426369,7.679607685927317,0.0,0.0
648,-3.1396513929502494,2.5072623014723425,2.0733375636840727,0.7949631800682923,0.41404176577636426,-0.443399321750156,2.560464721594281,5.288679988682914,-1.9353979640662764,7.68311883131232,0.0,0.0
649,-2.9504316977240532,0.0012449067344297961,-1.4952721673341463,-0.6955640827866301,0.5014256893556424,0.5145511488583162,-8.859415433668795,4.152710772747142,1.436659897637593,7.817707800907749,0.0,0.0
650,1.2956202758292148,-2.1235277842254927,3.959462650007469,0.8996584216172425,0.341542757685713,0.2719618890315523,8.36132811480644,0.32807839638460135,6.3488253087907625,7.828386801808777,0.0,0.0
651,0.4935547608062147,3.542819000072082,-1.7106104098456711,-0.795756368721745,0.4267407071852924,0.4297256921220545,-5.914326774654744,6.451543891792361,1.7870008365819396,7.764874600013568,0.0,0.0
652,-1.773226702582916,3.001499159286399,3.559950901889197,0.011191792719707577,-0.9984998313567053,0.053598792489666425,-1.9739839606630958,-4.851566075645277,4.2662089317074905,7.805052792003636,0.0,0.0
653,-2.5559338871003976,-4.175908451520132,-0.5279816596932938,0.8657208804564089,-0.4255420996998791,0.26351713136871846,4.423082547659507,-6.6654760183867765,0.9022176993369603,7.7607432489025525,0.0,0.0
654,4.422774270734778,1.5512233410718164,0.6154504882931905,0.1562522917685259,-0.9152739122139325,0.3712935320439693,5.069942821807085,-4.45929106744778,3.8558929163361766,7.536997419659658,0.0,0.0
655,4.161614571550487,-0.45556486529506623,2.588856012338678,-0.7343508311596042,0.13950964389485895,0.6642784928292713,-1.5382865972895607,0.6436260070374872,7.615960247954092,7.6437002210036615,0.0,0.0
656,-0.4619774235142372,3.474514488946815,1.6641222252760295,0.6930176526820355,-0.490723713093547,-0.5281257146539675,5.55312416806249,-0.4932146115921109,-1.7801289066483919,7.914768587590135,2.9101059049472746,1051.774111327986
657,4.388216553941769,-0.17033403471733158,2.1893691395813444,0.1777212811091468,-0.9307515051762373,-0.3195571652350992,5.714672086602685,-7.201239814426313,-0.5734376178973679,7.58549246246814,0.0,0.0
658,1.3532411130657227,-2.510522390772755,1.3651334251215979,-0.0006139043161943469,-0.9698707627396566,-0.2436192248249045,1.1826666419892966,-10.17316265539581,-0.5889510410054074,7.842240521549757,0.0,0.0
659,-2.620647751794606,1.6203696158447352,1.7619636803613368,0.20155699780635944,-0.00028954818718252007,-0.9794767443881118,-0.595602805132618,1.3977530532372413,-5.7606755945602135,7.815595576407572,2.3656298678602297,1715.3932172131097
660,-3.9586675512816427,1.399188923181663,-0.5718123713107864,-0.3150173483070095,-0.43651364541259646,0.8427454583883714,-6.391049241042198,-1.927096380778863,5.866684824230557,7.836228409793644,0.0,0.0
661,-1.9258206166206664,-2.665708890117181,-3.528938794470195,-0.27674290419672015,0.9292201710776833,0.24487392396726515,-3.1499531815670547,4.54099809404334,-1.4818295769807028,7.892275639514653,0.0,0.0
662,-3.9324608217482533,1.9845329197147166,1.2408021775455547,-0.9573555405630327,0.2884601919099053,0.016158175533278755,-11.2875770869013,4.332501277856452,0.2773358295903858,7.818538637497194,0.0,0.0
663,0.35181815523728416,-1.383828166044763,3.7541523371937338,0.6319129888586916,-0.4961341209748075,0.5954300198312396,5.561898080061915,-5.071825105322319,8.241226294321448,7.728167885791647,0.0,0.0
664,1.7656225866961925,0.7811702932346299,2.955350502581007,0.42998884633050577,0.8092484172601996,-0.4002831387820658,4.241936201121064,6.856478095445675,-0.6673457450323351,7.697240258460543,0.0,0.0
665,-1.2912327110678365,3.110887712200104,-0.4500577175848918,-0.4910978183211117,0.864305819547334,-0.10862036244119122,-4.542946607727315,10.364089786146865,-1.3069159019204475,8.021275082482418,0.0,0.0
666,-3.7806854746832346,-0.5890858317895216,-2.1612038064113355,0.17089975998741003,-0.970358991942248,0.17087041520716917,-1.9506056308561042,-7.966750556259559,-0.647060414331144,7.849496425853128,0.0,0.0
667,0.813619947429261,2.9679143806977857,-2.80450361486835,-0.20865731904145768,-0.9761598310967173,-0.05978383864941884,-1.1291467606786945,-4.6273113144289475,-2.7211293703346087,7.744710122326441,0.4526417871035665,0.0
668,0.9207425664593321,1.186878796541828,-3.676712486303879,0.35928139010984744,-0.931145537565545,-0.062328730072961774,3.087538667267889,-5.438500585903006,-4.675241438077834,7.444546707529178,0.0,0.0
669,2.6829077072245626,1.5500804692604206,-1.1473079426352562,0.44833937628825776,0.8302363588897684,-0.33120898545618577,6.480686921986554,7.940603911648092,-3.6574644973834447,7.827358566278723,0.0,0.0
670,1.7181543453842731,-3.648283089054106,1.733075058792121,-0.19423932831262875,-0.599182427048316,-0.7766926692412827,0.1665395093105841,-9.25353633347647,-3.0395534752662425,8.010521453594023,0.0,0.0
671,-1.3570824139793423,3.185294678881317,2.0014958335590447,-0.40497430028616066,0.9133194198636185,0.0429354563003368,-4.838989499120131,10.168468645775935,2.2857033456271147,7.831025047747217,0.0,0.0
672,-1.6165465984740448,3.181471071807295,-3.4854898348957426,0.8587050158916808,0.4869598988924317,0.15967389440087232,5.163314440296785,6.258463804373106,-2.8850728388282096,7.807325689437077,0.0,0.0
673,-0.11159570610637508,3.255703512584981,-2.8539158261548985,0.626582196022986,-0.7752260357706903,-0.08012081558666756,4.974570974299936,-2.562262429230366,-3.4711665969740286,7.847625054296236,0.0,0.0
674,2.6690048248736535,-2.6953084935865568,-2.338996691411702,-0.8351563257565775,-0.2748914624796036,-0.47639122095668185,-3.056609685664459,-4.697114576885494,-6.379684618869265,7.805468415749114,0.0,0.0
675,-2.482716899875101,2.8976085064664767,-0.06117409268838204,-0.2462498968662552,-0.9140365902341692,0.3223322819800278,-4.825310592885506,-4.368817500387684,2.203340713567864,7.898360337540073,0.0,0.0
676,-3.4581504981363245,3.0842988313045154,0.9201332684865231,-0.25142631370437757,0.11038047096398951,0.961561729899228,-6.190559684379228,3.471886820028905,8.235587048254375,7.833682535666716,0.0,0.0
677,4.2568280375593135,-0.8721010782723101,-0.23650735486018348,-0.8351563257565775,-0.2748914624796036,-0.47639122095668185,-1.9539401386440505,-3.7762531842218614,-4.04245753032071,7.785054319538608,1.1256517777513404,1163.2818797097907
678,2.5336401567924893,0.8795364735403063,4.119772129934773,0.17089975998741003,-0.970358991942248,0.17087041520716917,4.139659160721997,-6.407788425952596,4.1742898484635305,7.894748722444159,0.0,0.0
679,1.417427809347412,-2.1333610382268833,-2.1556983555118694,0.6064309450486224,-0.352593809323192,-0.7126844424528962,6.37487805772534,-4.29773205607322,-7.862307974618171,7.828137802917117,0.0,0.0
680,0.7602187554350492,-2.8641494732650927,-1.226417243602137,-0.23844657853311824,-0.8066041814583953,0.540863128378781,-0.9902555828544378,-9.285010223118595,3.2154671704023663,7.845783154717097,0.0,0.0
681,-0.786410199380277,3.6052956407186065,2.943925405530127,0.8732688083362556,-0.3496898110520614,0.3392913562608835,5.326746606306139,0.6896663011805207,6.80146037528727,7.889571735791126,0.0,0.0
682,-1.8639067314739728,1.5965043243035155,-4.160079257850331,-0.6528255005468937,-0.6808798575666509,-0.3319962129237545,-7.68032527547629,-2.916527936126224,-5.909384240134184,7.782474872641096,0.0,0.0
683,1.6642355458804547,2.6618290963349795,-2.1421049888312433,0.005735902820136751,-0.6884422928046094,0.7252684391980464,2.043397953106858,-2.1610477043158056,4.048509291647923,7.733239568035442,4.548649531193582,3283.7687980938113
684,1.9424537600497138,2.117026143398913,-1.0127497683396443,-0.09461407447032624,-0.7941224374413702,0.6003480084620093,1.0113722823930782,-3.7386738178028778,3.0359234954063714,7.2367030637426195,4.597041897742549,7578.561046193921
685,-4.49326617213424,0.5814480055417609,0.017218576044802904,-0.5642783267186882,0.09135952693186514,-0.8205141112950729,-9.10399830654304,1.687766424671714,-6.105866884036991,7.786740532901753,0.0,0.0
686,1.2779294852455416,-0.9063737437565876,-2.681235365007084,-0.341268190356505,0.36112934976181676,-0.8678257976065263,-1.6830874731309646,1.497781570492691,-8.659476637148293,7.650698869093219,0.0,0.0
687,-2.165282404519183,-2.7447776766005676,-2.23769407915802,0.08786235535890233,0.3507812477301539,-0.9323265108059849,-1.4791845180596668,0.2248099545055777,-9.317311337542511,7.824220520750684,0.0,0.0
688,3.838949356166409,-0.12175008631909721,-2.2447074872475796,0.5607554136667156,-0.8215341100279073,-0.10312648594868945,8.551459128220836,-6.728719389020227,-2.4614252089945907,7.964594457187999,0.0,0.0
689,-0.3246996190685589,2.441520126274217,-4.267385413311618,-0.8251026503435662,0.2653429281907642,0.4987973003687709,-6.863695481418628,4.105218024424037,-0.17440941382041347,7.850317283414804,0.0,0.0
690,3.0329198415919727,1.4793730425082192,-1.6247119264103222,-0.9065039609656869,-0.11149269131762107,0.40720995633244783,-3.7417811097135716,0.7581301260719258,1.9945696687359225,7.710268856529998,5.333587687579934,3398.53750164206
691,4.451877565988956,-1.4387372422758038,0.44954091243601013,-0.019515105525388633,0.41658924928844676,0.9088853382212859,4.8142300186950235,2.2537960521884086,6.769206110660351,7.6974563026987255,0.0,0.0
692,-0.344661707530627,4.443722114529588,2.217522457479616,-0.9343628770855351,-0.2594718733968289,-0.244213760546742,-8.026885796019188,2.6739811793703123,0.3801333101884727,8.014749730012513,0.0,0.0
693,4.714829406718102,-0.20688759970651419,0.9712010654874736,0.7856677844549109,-0.13470344739308776,0.6038055264156909,10.635764062592672,-1.4981074462447468,5.378026939714487,7.656384567669315,0.0,0.0
694,-3.7825727419485884,-0.20998435696155576,-0.7721380695095295,-0.12437236349474295,-0.4387542106885556,-0.8899585708345047,-4.349230996435374,-3.9450650475483133,-7.769807730000209,7.847909072247546,0.0,0.0
695,-1.698914715515001,3.0712102497422684,2.2464622467802706,0.4206879294180275,0.6214546375737142,0.6609204184166928,1.7696663160484323,7.717417195549932,7.040288376001099,7.746754600968849,0.0,0.0
696,-3.3551317733031527,1.5391579847226804,-0.16477866561082088,-0.7319847118464996,-0.12193696395154685,0.6703206385344825,-9.083225287977958,0.19260722128313407,5.2800981330131185,7.93637672542527,0.0,0.0
697,0.7335248488743576,1.218446018432132,2.825307468724337,-0.712173639809549,-0.5317669182741984,-0.4582931936976382,-4.310726233512488,-2.9835975374342,-1.2689917774382526,7.669330538828647,4.572018668847682,3307.5573208134397
698,1.5589246596116206,2.0193184057460534,2.1130948075151648,-0.8772225370201884,0.3811774117503256,-0.29186366905661143,-5.479999680295046,5.362685716881953,0.7316127706017349,7.909574273375172,0.0,0.0
699,1.288325793985809,0.7706964340772061,3.220184016680881,0.03190528039619364,0.8029370512276774,0.5952093285967908,1.6964326753832237,7.333984300230859,7.19731137973076,7.966907513168114,0.0,0.0
700,-0.4404774206262986,0.6134949927521265,-4.044363402050681,-0.23740372497016574,-0.4237951979976362,-0.8740921584846957,-2.255764468843364,-2.596160750438625,-11.061166221331455,7.9225061657938465,0.0,0.0
701,0.8068818925496941,1.5120289963140858,-4.11848223253833,-0.8217723433394277,0.5100062989859089,-0.25413341125700395,-5.85236965999928,5.540209520141663,-6.494656495136798,8.028000191685978,0.0,0.0
702,-3.4688322641523555,-2.9334190816271724,0.3054607732232124,0.6422771091064606,0.2172310685621372,-0.7350447455558061,1.9580784376514553,-0.4713135789778969,-3.847495596067641,7.615988529733994,0.0,0.0
703,3.1958413183693026,-1.4448364246277607,-0.30079800282412655,-0.9680153912013881,0.18433155515306196,-0.17020011801428714,-4.409395334348546,-0.31753498790174095,-1.5573084527406138,7.748537471818152,5.264602209398333,2216.3396336860237
704,-1.995676389438209,1.97590604453416,-1.6121139833577287,0.3645374065760005,0.5245410362172169,-0.76939533435745,1.0206176022331068,5.634687666200549,-7.710672393504553,7.72914912052772,0.0,0.0
705,-0.28998015593659526,-3.346522959764021,-0.18945702669569556,-0.4923527410504376,0.19334893257536456,-0.8486489077658015,-4.054979474427136,-1.6726292568476662,-6.722173256190864,7.7985376145266265,0.0,0.0
706,-3.7535703101619813,-1.754263461402827,2.1799931001541335,-0.17960618220858202,-0.8948528129843256,0.40863194002243325,-5.3032557859918645,-8.059929159776948,6.017799877394716,7.828976397343528,0.0,0.0
707,-2.8976006483148113,3.7473818356755553,0.4743155721564013,-0.9052291796918962,-0.4226777877165677,0.04363049398488291,-9.90721316487664,-0.237535213370526,0.5149771575293184,7.935280139190268,0.0,0.0
708,-0.7000648491443465,2.0520449803525596,-3.1881192032652486,0.4101296638558053,-0.40955073894245886,0.814899902477114,3.1541552721450827,-0.6057528266198889,3.238136958008454,7.922122035952781,5.347635476660339,4510.506292314592
709,-2.5811625560204154,2.5532981145310103,-3.1925648276770864,-0.7312050682614262,0.6730566188344084,-0.11105825494755894,-8.095913752639987,8.195769052380765,-2.972062275163356,7.975246539707185,0.0,0.0
710,0.7715569738653528,-2.8682867699595733,3.78217729332912,-0.6002386800722774,-0.46144546713731166,0.6532852422973585,-4.384254486751562,-5.60181585106312,8.327951080392223,7.588497877630127,0.0,0.0
711,2.744157423698706,-3.380851856804335,-0.29932406592748195,-0.9150247675750768,0.36572485259622,-0.17022046562517099,-4.5615930685666966,-0.191589947009012,-1.4726786394571811,7.936169173242183,3.7129727654156475,3568.834195968214
712,3.836272730264206,0.1569523756375051,0.6952029356907977,0.5853195272264055,0.6459033942071848,-0.4901120855468628,8.359722030053064,5.688425099659528,-2.6600906969548506,7.876378897967691,0.0,0.0
713,1.9832694724937974,-3.707284870773972,2.3185680884636084,-0.9359960285520348,-0.1467524633226523,0.31996116802442154,-3.718285996584446,-4.6513012419988815,5.697815908016672,7.507825835828923,0.0,0.0
714,-3.444053086504052,-1.2270459136664147,-2.519795880616618,-0.8005324042608645,-0.5937739669023597,0.08111933158844127,-9.869347205199276,-5.3507519360822196,-2.505712720116752,7.7240252581988855,0.0,0.0
715,-2.6325017275762503,2.5802601131808087,2.8706858275938414,-0.23513348940512382,0.7658356576035816,0.5985047933835287,-3.6354422823865034,7.932974085946573,8.297068935552996,7.82278058418657,0.0,0.0
716,2.689672110907746,1.9031617746479386,-2.8553269345720653,0.6994000018563302,-0.23102611754559407,0.6763627506118111,7.0182737264930575,-0.07625196420014824,2.7812279040809154,7.595601196519803,0.0,0.0
717,-2.3200920834325465,-3.6711876258154508,1.257709952865041,-0.4315850701637372,-0.473525580553443,0.7677941467433097,-6.315132455380036,-7.59161841589022,6.7688224447907155,7.789903386370962,0.0,0.0
718,-1.6457969270067545,2.1094691396531826,-2.216774228371592,-0.7071267779113767,0.6882967213453655,-0.16192388133285074,-7.107508296165653,7.507579474318077,-3.4108829021500426,7.7417596512793985,0.0,0.0
719,-2.1939943975218212,-1.6669310142023062,-3.698013496974237,-0.5108142055823468,0.7540010797046433,0.41297847302190965,-6.236763059345753,3.6236349172198503,-1.8491494585464643,7.624421930943271,0.0,0.0
720,4.145113348727556,1.3005490496198702,1.4146655186221524,-0.9524397880808637,0.22561207720965148,-0.20483564313279504,-3.4975554189358213,3.291441581010095,0.025083090139975395,7.876557430601866,3.598121587395776,2081.09255387014
721,0.29566051572576013,-0.42681007699708895,-4.433682677578654,-0.9557961742449174,0.12725479394066097,0.2650658233682711,-7.169424809132309,0.5498455764527489,-1.6704655008312594,7.942483277572321,0.0,0.0
722,3.108891398066758,0.6981686055563304,-1.0371146145424275,0.9218766527666975,-0.38516538784061083,0.04232092973059254,10.19480902852864,-2.0620925301525848,-0.5992279575229567,7.737249752152952,0.0,0.0
723,4.64102741625243,-1.3264217239232199,0.6499886686261649,0.6226963051507718,0.7251805550833155,-0.29387492931625075,9.708231507268708,4.011628410705758,-1.7807320243198081,7.882651401074555,0.0,0.0
724,-0.02060380940954676,4.562871355216355,1.661657052406239,-0.6642212199671909,-0.13881095605130012,-0.7345350157925903,-5.472848611676517,4.026644830209759,-4.00287912658441,7.861935060638723,0.0,0.0
725,-2.982373583039497,-1.0086591798042863,-2.6928841295458033,-0.9339949592534457,0.04169700919971081,-0.35484472028332836,-10.038315098185377,-1.0127693447531576,-5.295578799799771,7.48363664433347,0.0,0.0
726,0.6476540362873782,3.1810220663882234,-2.5186640522853008,-0.31418804953796753,0.287976939333767,-0.9046298424988443,-1.513711445003274,5.680247541580906,-9.473504581611675,7.759652030948695,0.0,0.0
727,-0.177854931077996,-0.3661977752923204,3.183097556368298,-0.13668434533923968,-0.45614509772633616,0.8793458020366134,-2.4381199876704556,-3.2001538643386302,9.765926308636585,7.844902746504308,0.0,0.0
728,-2.7220611947756606,-2.0765593535783773,-2.2851996153369116,-0.9431525909315148,-0.30348665716651874,-0.13549553181217025,-10.387743529834044,-4.19749788798042,-2.4463007088896362,7.901871494531806,0.0,0.0
729,-0.5018191275214972,2.4397425338024785,2.829186986027485,0.8653501784744688,0.2355842907622032,0.4423450130387757,6.258320449837961,4.289580737139282,6.29698678873649,7.75452126795885,0.0,0.0
730,1.0011352600596481,0.41093866803076334,-4.835249190321065,0.7251775332218847,-0.6439047020057928,-0.24393499143225364,6.465222495073093,-4.103283183362101,-7.242295329562656,7.64064887621666,0.0,0.0
731,-1.8179706733033634,0.2276685171845742,3.9839907366130167,-0.08323991431175455,0.6079125460893223,-0.7896286804394642,-2.1851932092677355,4.818246491409731,-2.152978148501282,7.759345731484814,0.0,0.0
732,1.4709642279759094,-2.393192120066065,-1.8351218869165657,0.1460368850636653,0.7533984293699121,-0.6411427569768309,2.46314878575545,3.1333918846640048,-6.8994081479626574,7.713204780280603,0.0,0.0
733,-0.5145915208097456,1.2746044334272513,-3.364806464500892,0.4940565075791743,0.15528801641377651,0.8554494720770738,2.892846608639396,2.596816607656191,3.6024701564869925,7.896318269178234,4.1095183262459445,1838.1151142312776
734,0.110880580090463,-0.47591830035351995,-4.4860005003218735,-0.7855621555367094,-0.5400042523894377,0.3021382253039882,-6.108350899034243,-4.519373054817128,-2.1142744542493372,7.737857707981547,0.0,0.0
735,-3.4399672692857535,-0.7936121018682832,-2.510115848416961,-0.9524397880808637,0.22561207720965148,-0.20483564313279504,-10.520402715406055,1.3168189786961622,-4.420537525784225,7.783989926550781,0.0,0.0
736,2.3319564231474565,1.8073907989640867,-3.8610252451654077,-0.08323991431175455,0.6079125460893223,-0.7896286804394642,2.0316264046100985,6.6794284861334825,-10.06227162243027,7.73622860251678,0.0,0.0
737,-0.8006905344412677,3.6549632176324054,2.8493828164802393,-0.9133591367159283,-0.2561671289798975,-0.31647036102569065,-7.675743349848304,1.391161754934472,0.6003163513690093,7.7324742619555185,0.0,0.0
738,0.8682926036018994,2.630071825601423,2.4572180883308463,-0.25720513915160825,0.48510330406142843,-0.8357752693055036,-1.4125129456322214,6.757823078642494,-3.916068118507389,7.861452948374507,0.0,0.0
739,-2.9084970540744695,-2.9031077104208713,0.309976577289153,0.0032854050937787824,-0.17627201731673411,0.9843360107323408,-2.4798750171165604,-4.857519687074522,7.838492501123993,7.743721777072315,0.0,0.0
740,-0.19544584695685743,2.901759810711326,1.2837934792292447,-0.5838176949026138,-0.7835241417401507,0.21271299543976854,-4.635381212892249,-3.049819135029972,3.544837059099127,7.792773005302431,3.019057766011823,1213.5887419721314
741,3.037073772402376,2.694677048077674,-2.2993876452417257,-0.7855621555367094,-0.5400042523894377,0.3021382253039882,-2.7211935644323377,-1.8113342065243907,0.4340416078423044,7.770810746391055,5.523065216586358,2906.179130168986
742,-1.2397389540947326,-4.030592149620035,-2.015194015402511,-0.17403553587202397,0.9814793538641949,0.08006191474140421,-2.867526281298446,3.8463574378164336,-1.6009618713590013,7.880348522756524,2.595288104834391,1136.1182144304983
743,-2.6057268608094355,1.768798077247617,2.5582857224098117,-0.3568021341107903,0.4460591093207083,-0.8208066203960602,-5.890703600734903,5.387285788039229,-3.720874224589205,7.91495980976622,0.0,0.0
744,-2.402842432183148,-1.4872969900448845,1.0270329390086061,-0.19959992740126167,0.16305849949175344,-0.9662151906924819,-4.241880435845653,-0.2331199310237631,-6.619250727192263,7.787509680708419,1.4038641142452906,935.5054409028224
745,-2.3180840747881315,-3.5555049604199365,-0.7767765380135621,0.5518518391788042,0.6968888194565258,-0.45804532626309064,1.9996410797301902,2.0353840586270655,-4.375089668945024,7.830984788736164,2.6894157221207746,1441.3495925503557
746,2.2344523363419637,3.711490364246367,-1.4669313778788104,0.31310873331623007,0.4027191370558796,0.860104771391296,3.9978377099168436,7.0385660894830755,5.188718156769185,7.746466506960088,0.0,0.0
747,-2.6498844739236938,-2.0709868008269674,0.09562158942898287,0.8674227327464711,-0.4902970244713123,-0.08477399665712079,3.585599686094724,-6.830139323563977,-0.723035534235386,7.912394201327931,0.0,0.0
748,-2.461016918100485,-3.1722984366012636,-1.2230625003902476,-0.6938414388930398,0.7072082586484008,0.13579593725267608,-8.14434771196757,2.2491541957688024,0.2369114498034999,7.929273690908789,0.0,0.0
749,0.2533995761074743,2.323585253749527,-3.5389248982631707,-0.6835868196093636,-0.6958941934575535,0.2200916435678934,-5.593247507336918,-1.9676940069381599,-1.4606204826178162,7.744319867789678,0.0,0.0
750,1.8660976875908395,0.7480394780887107,-2.820961679057031,-0.7108251492534161,0.30180533508892904,-0.6353275902246952,-3.4383175352434017,3.44954072763663,-7.926210910281957,7.883203083187148,0.0,0.0
751,-1.9752600967390772,-3.466892907614642,-0.17577765949128488,0.7352413230177753,0.4542297624574452,-0.50308599645083,3.8662660761748433,0.1757312349840396,-3.9680840329173375,7.77747973415415,2.328138803913646,1303.6615185897501
752,-0.868182925367517,-1.8442843693789734,-4.498935348856012,0.5085732523368051,-0.19517068031980225,-0.8386069714419682,2.6588703182697966,-3.726984989555714,-11.182184216580998,7.7629073582734875,0.0,0.0
753,4.049492842656334,-0.1567841761259577,-1.4895577904602166,0.5721719741503488,0.3650098028899932,0.7344297623265964,8.46968019589538,3.404995957931242,4.107744167941702,7.866169171463492,0.0,0.0
754,3.675439659915353,1.011763671950398,-2.0811114753674396,-0.5453814146843542,-0.7810704993209354,0.3041183776219998,0.23417217826508635,-5.2183229127860695,0.6077708244430066,7.79246273921986,2.673611633713525,0.0
755,-3.208023830729074,1.1114113994773736,-0.4714595300947399,-0.9857006290961702,0.05957331576137296,0.1576238873033217,-10.910678001318594,2.132960637390246,0.3818226750856312,7.777818809488024,0.0,0.0
756,-0.8687719981521124,1.0440824501961463,-4.532367398918675,-0.589932791057471,0.15126355878490677,-0.7931573852766345,-5.712021677708277,2.4912172393600174,-10.540838834167323,7.9087639466616215,0.0,0.0
757,3.1893907838397437,-0.7432967383422132,1.029105405646515,0.9349699200960394,0.11850681688156788,0.3343462021142223,10.586751599900529,-0.22855203322571108,3.6242220080239065,7.881731640265168,0.0,0.0
758,4.8904163071894065,0.04534151640117331,0.09076051053572007,-0.46696903361868614,0.2099439330863792,0.8589897942359108,2.1581715111627267,2.202047289160435,6.921095809442121,7.665359800584777,0.0,0.0
759,0.47683864220239097,3.7516515607882317,-0.1886213908986566,0.7062131920748862,-0.5527384816095349,0.44242863637810087,5.554303559367922,-0.8669305704584116,3.2734025969755027,7.774986326945424,0.0,0.0
760,2.298695985720445,2.742946741481865,0.2739313616274626,-0.9364717813098785,0.3396444415201251,0.08753431415613892,-5.065804136996241,5.4534360570450096,0.6728898077004474,7.88545148772869,0.0,0.0
761,-1.207504289815395,0.2751136138977683,3.327996854983698,-0.45407952367298166,0.5487099616529242,-0.7019466960986174,-4.953382743015906,4.411170830549823,-1.8022565589871464,7.851183957071463,0.0,0.0
762,3.1775040748317287,-0.5780760345865766,0.7734233729586127,0.2192322357388694,0.47844796363333875,-0.8503086339136209,5.159015440334271,3.2444774141286254,-5.917656366112248,7.821853483554459,0.0,0.0
763,-3.2858304577644155,2.0099271528415836,2.710876491673553,0.9653527612283737,-0.1789701437426201,-0.18990453927565998,4.160443541665642,-0.09051797865054982,0.8121031861170309,7.795311838640205,3.718654811312329,1249.6107318826544
764,-0.4257707048325904,1.1072831474127067,2.9313202197264006,0.6007067485487456,0.4665822028087624,0.6491936924139954,4.066464182874779,4.588659842980043,8.08351495447144,7.730197045483365,0.0,0.0
765,-2.782290621784014,-1.42443943523809,-3.1345521583890443,-0.6979284416500195,0.6552105810340629,0.2891279731139503,-8.827051350430077,2.7787837027935267,-0.7842965327545897,7.880194058125147,0.0,0.0
766,-1.4425939869050783,-1.2196823105000003,-3.438984699315883,0.7738818155333945,-0.6217819867790579,-0.12039143035874529,4.690360539932706,-5.982874498431293,-4.474642688177558,7.828502030855807,0.0,0.0
767,2.4157344708423154,-2.504028655410702,1.1695915069001281,-0.22082896231787863,0.7862776432397631,-0.5770632869477426,0.9031412198729294,3.8284394621314015,-3.4206294042824474,7.922452497791232,4.483741919305135,1865.619152850596
768,-0.7465224364453439,-2.858559131375178,3.521219474496134,0.11030799363707333,0.7231298240406676,0.6818470533211071,0.0011385606705055734,1.9656417542639189,9.145243469143468,7.842432457966671,0.0,0.0
769,-0.8731707583269618,0.21141964916751427,4.0206911949519935,-0.08385606866527233,0.852074841086334,-0.5166590993447262,-1.2624712301214405,7.117422853142489,0.005131822944016068,7.841562224115158,0.0,0.0
770,-2.3798847513707257,-1.00544844662767,3.3122028936675725,0.11059477727323061,0.43424445085117885,-0.8939801743578224,-1.784317310234029,3.06716496752357,-3.3377995090098436,7.761511528869662,4.070451582481183,1989.248582139276
771,-2.3316612310621507,1.2599779761948406,-3.625667940342333,-0.07180333601537547,0.03444158189713106,0.9968239856531775,-3.207661938410683,2.011755898501931,4.018756071877404,7.846702417229822,1.1143156082540027,0.0
772,0.8809960137608135,4.166411830003792,1.8116116667751885,-0.34501328367690615,-0.04524749023163693,-0.9375065326248222,-2.297870348529,3.5019582953519746,-5.229868942176542,7.795365039849182,0.0,0.0
773,1.2091398056319402,-1.8907076096012196,2.7482764312696464,0.6283256103748065,0.5425044219396419,0.5575803794279905,6.462450359706884,2.323904552949373,6.796725890012498,7.770939907487004,0.0,0.0
774,-2.5572106467233437,0.6258017513187334,2.2174291498330634,-0.40464100711764756,-0.051739186354140855,0.9130107950918366,-5.624347298683233,0.604606929764291,9.021507621228132,7.666834509332862,0.0,0.0
775,-2.1683248326028473,-2.3821946027647924,-1.7726787233527785,-0.5308336359401945,-0.47932530191234396,-0.6989012132634721,-6.285276344604742,-6.21323316820117,-7.233057853269504,7.761066829777087,0.0,0.0
776,3.1748793025663846,1.6329026047313977,-2.1999915382050954,-0.9270903781327977,0.2711737813782111,-0.25878216914352625,-4.211011786960437,4.070828931908943,-3.1717925779732163,7.86411761341029,0.0,0.0
777,-0.43220569738895154,3.3629208544034457,-1.8453816254109814,-0.5296413942729371,-0.7576909393857293,0.3812931075241071,-4.246942594612402,-2.022564763497817,1.8108141741459847,7.86033916517022,3.3502927874065245,2063.0782819788046
778,-0.6928616458766791,-0.3496100596507628,-3.7941628113652826,-0.774981906217264,0.6041813947000673,0.1853857797516774,-6.219052612550394,4.409183690278967,-2.922731576415005,7.533458513108774,0.0,0.0
779,1.3614578066762337,-4.491734985202989,0.7103112805541403,0.6005594896585615,-0.5518133694015458,-0.578645232185284,6.558539871997665,-8.58094614165539,-3.3753104508957206,7.804361130670409,0.0,0.0
780,0.36757560152266616,3.6193352542631976,-2.890110866919389,-0.28373095177991325,-0.7017184493810682,-0.6535196743788927,-1.2259727149375468,-1.5577618878199848,-8.47094326420736,7.818973934353315,0.0,0.0
781,2.5466796296940277,1.217062636927438,-3.705412652731578,-0.2108683912042385,-0.8533725485393416,0.47674921603543846,0.4331165160376357,-4.080889911630305,1.0180236614270213,7.738892846586206,0.0,1256.4663279992321
782,4.58907114047476,0.31673079602262083,0.11702321641052173,0.3538579903724016,-0.8615508224368021,-0.36402569003859503,7.564020103840756,-6.190497433343209,-3.0141467867019744,7.710265651594896,0.0,0.0
783,0.7060038908843631,2.956084109596274,0.8611446293032109,0.9387145391250025,-0.3054391839602448,-0.15975581033888633,7.621864049469234,-0.121320977599827,-0.19953834820605992,7.754142222258763,0.0,0.0
784,-1.8077726770292368,-3.0978844735984574,-2.0559218892210867,0.9059053748475747,-0.25561740053914217,0.3376317466765932,5.142956699644223,-4.551819767945202,1.0388662079807467,7.733779995856951,0.0,0.0
785,-2.901116276344243,1.1865344604645272,-0.016447952476883493,-0.9089585429202773,0.02547992377710373,-0.41610712651498694,-10.297287516427865,1.5645222270177317,-3.1366369064369892,7.970627077519528,0.0,0.0
786,-0.5836390928251942,-4.56575821280277,0.8935099067243103,0.7959620904064735,-0.5700806745329214,0.2035985637470129,5.811929834708993,-8.745207962881342,2.826533712536843,7.910658842882378,0.0,0.0
787,0.4447032714961674,3.845330716573562,2.5306945565516474,-0.8693216528791202,0.2049160064670302,-0.44976582143279703,-5.909203047560102,6.09473818359992,-1.5651100881345779,7.8342629474269,0.0,0.0
788,0.8674754243544948,3.1813733649253435,1.8294557589896525,0.4776235318982177,-0.8085716141179867,-0.3436389189537556,4.187494444832167,-3.4099892675133203,0.25301438307867485,7.766337642831769,3.0276563224736193,0.0
789,-3.618505770503981,-1.4493672745052715,2.4829355460676608,0.29123395636575117,-0.7561622835655907,0.5860045934738253,-1.1352910004119399,-6.911592479211922,6.9713653113263305,7.716168774127845,0.0,0.0
790,-1.1134137229382524,-4.481814200790428,1.7148431949189205,-0.39372774104879754,-0.25436074834000494,0.8833340679677898,-4.297646778228181,-5.9551830714358065,8.689449447065062,7.757511279194631,0.0,0.0
791,-1.3306302807841568,-2.9022271782614175,-1.6518851258846048,0.8247824712273046,0.09265544947262366,0.5578071735279195,5.332704665863431,-2.1514340334364936,2.2507687743912967,7.948502029356487,2.2299172899330704,830.3887077325568
792,1.1114850226830337,3.7300832572597704,2.2241793670192522,-0.6606184583299377,-0.6802973015022192,-0.31745682239097506,-2.936350560731788,-2.098770319473774,-0.08737517038237894,7.829657518096409,4.384787023759086,2668.8168477521317
793,4.4582419478358934,0.9923703109079368,-0.1618520205957008,-0.9116804386141195,0.384518407380395,-0.14485983651106094,-2.7727185584124445,3.757664294968859,-1.0478746975297386,7.763128535647096,2.3921773065907024,1757.0885102050006
794,2.1261429550337145,-0.11915874315076803,4.26701542958365,0.027710518602640788,-0.8667862206505031,-0.49790940425863617,2.0311082599180725,-7.22385800962571,0.8049379424012053,7.808754201151435,0.0,0.0
795,0.8500585507970788,-0.2740514288119497,3.427555067505273,0.46852017726683476,-0.010227633217637923,-0.883393592354291,4.815793269157298,0.024109225410278115,-3.696914814132825,7.9562178812986675,3.510776212248868,0.0
796,-4.2633235613616645,-1.944388112601095,1.5947625651092776,0.2009005177763186,-0.8898031474611408,-0.40974301790934115,-2.8182531213254896,-8.846827559695251,-1.9757813137225377,7.977712413176008,0.0,0.0
797,-0.6910977526909424,4.453244873954354,1.6919065357324348,0.830870257066031,-0.2851733003316231,0.4778397270016355,6.274509407650108,2.2650316168554383,4.697473386078929,7.740462254358255,0.0,0.0
798,-4.677659510270218,0.09932628940722814,0.3052568154229615,0.9438194333993535,-0.10978472914029673,0.3116924612263107,2.400501224372173,-1.427743146433182,2.2221047162522227,7.718186600644995,4.474533357493398,0.0
799,0.5632760071010067,-0.5363305438260977,-4.5357019763808,0.24870021924463914,0.41765792737507784,-0.8739050615761548,1.9130481025023216,3.128701910833016,-11.180456023232614,7.750622023390702,0.0,0.0
800,2.666629175138545,1.9003224935483962,3.3392869051135867,-0.8277062375483226,0.4473734817418439,0.3387614974547433,-3.5781240665706067,5.286433353920673,6.520893288042127,7.69094183526552,0.0,0.0
801,-2.0305223058790203,-1.146233028144535,4.318370796028395,0.5201819629010808,-0.769892336502076,0.36969787079147864,1.8533889202253158,-7.324423837632737,7.357636032555263,7.859731689016491,0.0,0.0
802,-3.080827552469523,0.07304975669911241,0.6684847188237197,-0.887346689244613,0.45182660211394676,0.09202485918918568,-10.136398101583998,3.2604581250651847,1.5123405476095277,7.850654807760711,0.0,0.0
803,2.921048218339568,-3.7193299844332812,0.8784095216612144,-0.3377144318954146,-0.889915237788308,0.30659392042527006,0.6463405643682271,-11.13493282827988,2.5375372063922605,7.921148841364455,0.0,0.0
804,1.8465777746702694,1.7469112890278573,2.8988760007234085,-0.1414200829730468,0.9874557284636382,-0.07022495607860842,0.8766605011931444,9.710475692455732,2.4498570005951534,7.928034723020416,0.0,0.0
805,1.758453958833937,-3.753324828780528,-2.785196029883174,0.3115843319074354,0.9181434217579093,0.2448016772664665,4.303541320579543,3.347002170702753,-1.2324448288284493,7.7665994210541625,0.0,0.0
806,2.144256853505161,-1.3840168096841663,4.230506648342119,-0.40164345403479773,-0.3743968351526255,0.8357688350606853,-0.5585086573854933,-4.545792400065344,11.001832881658336,7.8651896577450335,0.0,0.0
807,3.3996700202892405,0.8043081592460807,3.498345426063586,-0.636982036666734,-0.4643434211950554,0.6153365519427323,-1.7866218793471427,-2.724790546034593,8.320065749490826,7.803195770675341,0.0,0.0
808,0.4158951673314607,-3.083707491374716,0.05789969966180578,-0.6007224239483635,-0.3492244101216496,-0.719148719487693,-3.699730043843215,-6.378256309953035,-5.491347153114059,7.8002113716286265,0.0,0.0
809,2.0467407589718025,3.1810809242513542,-0.014408162645388486,-0.6356740309466784,0.6851920928679037,0.3555704181330381,-3.142328764403083,8.525149547758986,2.856221477459377,7.93855349519664,0.0,0.0
810,-3.722510887510026,-0.21570803771769298,1.3701284635291746,0.29869464479209346,0.4775189835973139,0.8262911892769483,-1.2015776605943962,3.552449750001415,8.068015922531785,7.934843825524743,0.0,0.0
811,-2.7134427777131735,1.936634885900903,3.3682138040506273,-0.28838110819805046,-0.8564295132311561,-0.4282111924052306,-4.764443621904933,-4.853168673394418,0.11512570446176877,7.708264846150048,0.0,0.0
812,-0.7126493904933517,-4.826094531037441,0.06660186787068512,-0.40829608494958436,-0.9101476533040138,0.07018230688741016,-4.2562688036264715,-11.878400242838957,-0.35763532672677995,7.798451440576143,0.0,0.0
813,-1.3612197772481964,-4.159065941362944,-2.041803007877596,0.6117881553877893,0.37169746779819407,-0.6982522791653579,2.8761430860460298,-0.9626946007412034,-8.189452281054844,8.013883346483011,0.0,0.0
814,1.041029054927073,2.305543193624052,3.4256969016158143,0.7574055700076152,-0.619629667155873,-0.20590259372271566,5.9917988440516785,-2.9408118574146727,1.496914533053763,7.791365666569462,0.0,0.0
815,-2.921378864210336,-1.5342593752661524,-2.7616627006304535,-0.8800578326344344,0.47426500379594044,-0.023893877735074405,-9.791798340976097,1.852872561973809,-2.4805424264199676,7.741432175157225,0.0,0.0
816,-2.3129922495793975,-1.8214727771206485,-3.620797371487345,0.6119158783922817,-0.10180509752869413,-0.7843434706100227,2.8965473348638335,-2.3338668642752616,-9.56773478187066,7.8939444131427665,0.0,0.0
817,0.6792697173297059,-1.8794280249339743,-4.344619540127262,0.3499663283259785,0.21728431382593894,0.9112140780317348,3.8943424736175665,0.025331039292949904,2.7746836681914395,7.919003034336729,3.432134535740939,1840.019924153535
818,3.080184489779848,-1.3670267458894312,0.9438273986343714,-0.2170239719699834,0.5103118009946601,0.832155310838042,1.5313269825259592,2.541582010026343,7.54540612222092,7.744983639473444,0.0,0.0
819,-0.6687342542040856,-3.351390300856973,-2.4707639680015174,0.31936392849902373,-0.25009907702204853,0.9140334418643499,1.4944724391720885,-5.09050461388568,4.816593332814307,7.879299018348695,0.0,0.0
820,2.1695354129105624,-2.248500115543981,-1.9163895396381347,-0.40260651977153067,0.7741656648677548,0.4884419244673037,-1.3157428085374454,3.3410103619973537,2.067539137966248,7.801832775051719,5.5559385887875665,2846.766729090114
821,4.267540928419582,-1.5593902407310183,0.12697004444874366,0.31443347826680434,-0.6498346559255732,-0.6919873609417523,5.974641274107568,-6.46344934615979,-5.328397884108241,7.760726936257773,0.0,0.0
822,2.9929263444216208,1.7274950358299854,1.0449399576508582,0.4313168970904357,0.9005762898086402,0.054111741043721365,5.831580179016769,8.699800432277074,1.950124094183367,7.798569408193138,0.0,0.0
823,-0.8369948239838209,2.3027682543792407,1.8442392088984003,-0.06327423894920253,0.9949596319194112,-0.07779268305045928,-1.196102425062299,10.136637923801716,0.6362447163194517,7.889404116390847,0.0,0.0
824,-2.875273522258605,-2.166771362264309,2.5938005471081453,0.0032272772594925114,-0.9884741544700345,-0.15135531251409987,-3.069728576548162,-9.872807729199625,1.085601089858832,7.833558559467188,0.0,0.0
825,2.060095985543079,-3.181997002393072,-0.4784941456930417,-0.02351579445173602,-0.9785137255445261,-0.20483626713127653,1.4981138613125833,-11.0902178290504,-1.5615577759448138,7.8892381819714235,0.0,0.0
826,3.5987302173873457,-2.294913408597566,-0.5384305177956265,0.2492458831986124,-0.8759810578397417,-0.4129572326700561,5.157383799654673,-9.070229228421786,-3.930375679558309,7.803826236876725,0.0,0.0
827,-0.5052806692036859,0.5235417536060036,4.354282756054587,0.9924919345764724,-0.12198219147197112,-0.008950126498911137,7.511611541823438,-0.35857485701478486,4.883410925453937,7.95496752071209,0.0,0.0
828,2.9447419484782116,0.618511728419157,1.427702842227586,0.4510894035032901,-0.5791912871869292,-0.6790109004233984,6.829284483059157,-3.873098018488333,-3.9108009980546976,7.938482352001855,0.0,0.0
829,0.5324756316947415,3.162673533926628,2.9590646067943513,-0.1574103759571751,0.5746135829682427,-0.8031445721720462,-0.18560612404918533,8.194608570630264,-3.2034964515657722,7.9068685191285795,0.0,0.0
830,3.088943673390604,-2.8782870844303625,2.438583193545302,0.31839085859919525,-0.7636970581192056,-0.5615995589212461,5.084988822142002,-9.295604286569532,-1.7089565866981926,7.876066017592456,0.0,0.0
831,-1.8223605924002704,-1.3610952195195378,3.4232484618048815,-0.2170239719699834,0.5103118009946601,0.832155310838042,-3.842870237265626,2.79025356035143,9.111121025010307,7.670670746850925,0.0,0.0
832,-0.5052806692036859,0.5235417536060036,4.354282756054587,0.9924919345764724,-0.12198219147197112,-0.008950126498911137,7.254738967730677,-0.6841100238171444,4.059266766718984,7.808797877825762,0.0,0.0
833,1.859282131985056,2.7020969961154875,-2.0961021794392187,0.3209201309500183,-0.292841739464957,-0.9006963890113924,3.839518830793837,0.41730281695734944,-9.049540360312943,7.627264329193366,0.0,0.0
834,-1.6130863523564016,-2.726191789376771,-2.135872287798664,-0.26626705871834694,0.516287188320654,-0.8139713708831743,-3.6806812048771422,1.7056553703987498,-8.442966943507912,8.094442974558296,0.0,0.0
835,-0.0551589235054473,1.901851252276552,3.0547395514657545,0.4992638105464713,0.20096705139642976,0.8428213877991245,4.075655146162466,3.9723598179447057,9.625387127111305,7.98448998304911,0.0,0.0
836,0.2533993757298067,1.005686410167754,3.4885727198619416,0.6899652503144704,-0.5015505098850839,-0.5219147817340516,5.928275187081476,-2.838951089173979,-0.3733097433545754,7.770578513992988,1.177158736571276,180.79272797137975
837,-2.622616770121922,0.10595282069491455,2.7243717107910608,0.09905755811620162,-0.7902490762263739,0.6047263825098242,-1.7386788288419717,-5.882094219123277,7.996953939076776,7.899706489370892,0.0,0.0
838,-1.9765913335648595,2.2106183816057516,1.4173951854077453,0.3209201309500183,-0.292841739464957,-0.9006963890113924,0.7180108906326929,0.5861191206266692,-5.496504349219696,7.646830850658769,4.148669735068232,2654.1459301679897
839,-2.182502101592093,-1.4613081530566194,3.3027736707079827,0.45196660707905734,-0.36107133472248365,-0.8156921461722979,1.7122788450601676,-3.738136817100017,-3.070903272505036,7.779958632161819,3.0507658771060533,2269.8108290471187
840,-2.2259681470459065,-4.141937551716506,-0.68001007630233,-0.01441725770834082,0.5583241677827747,-0.8294975987607459,-1.6430573557775725,-0.4633264403887837,-7.369744164452111,7.652658158317045,0.0,0.0
841,-3.3999881091221047,1.9771923654198225,-0.24172171127563974,0.9835599709371716,0.038921719139658084,0.17633741335656458,4.330411321032071,1.8733786862828936,1.1014713481788545,7.787285809543107,3.845769214265511,4897.4453331548675
842,3.229268297644669,-3.6281116612515127,0.31749840928925255,-0.6979936613196481,-0.017263694827861498,0.7158958119716045,-2.4600920834000912,-3.1776885170095936,5.125311707306262,7.7457445123507656,0.0,0.0
843,-2.446638372177609,1.112734782257639,1.5274969822068363,-0.6095978383115914,-0.6700963708970373,0.42351071915177674,-7.341891607478123,-4.30522610417094,4.213349550211614,7.822669666834711,0.0,0.0
844,-2.856000794493022,-1.6110999842133662,-0.47278881518838844,0.6146450612631557,0.3112220558634121,0.7248118932584943,2.469849637297612,0.4437345896227093,4.742887120463069,7.6446610791196505,4.224462819019252,2057.38006455458
845,-2.92877613681401,-0.7985912066274404,-2.5864258600313685,0.11837836334746843,0.11901170775859374,0.9858107204263696,-1.816723454982871,-0.20899072930690848,5.111445166117544,7.793335673698096,2.8858411668371846,1285.8165665812098
846,-3.799540437504243,0.8600550603276426,2.95730943735697,0.9392597421203103,-0.048918499988745576,-0.3397029837828029,3.3374055491519683,0.21776288623177636,0.23780978625798563,7.735926982051143,5.067704929910882,3021.691505923502
847,-0.8432372402382583,0.21244196618153716,-4.442003301242162,-0.05545103522871313,-0.41233012893977106,-0.9093453950290703,-1.693780408284081,-2.9359664460156876,-11.66660993350544,7.916679297018853,0.0,0.0
848,3.6743257874602757,0.7919321708155572,-2.860728844660322,0.7468856926401007,-0.43522523020699194,0.5027332902452233,9.257791085546678,-2.768136095384784,1.12355183296672,7.626322885047034,0.0,0.0
849,-4.540246609683391,-0.14567434173839108,-0.6874236664448792,-0.10787045606526402,-0.8290267555335049,0.5487062996885149,-5.647345308552329,-6.426119265788081,3.564889139108386,7.718480535321427,0.0,0.0
850,3.3358754913403708,0.13859123818862717,0.8677077459281761,0.056075455814221326,0.7965159891028648,0.6020114802549137,3.4283410834110764,6.761975736835249,5.125186943538384,7.955855420194746,0.0,0.0
851,1.3163119145340088,0.8599120701971328,4.344134763439532,-0.7501518479160036,0.5957296509687122,-0.287016354978077,-4.310968997143588,5.841561607949907,2.429179117714718,7.7145914913361135,0.0,0.0
852,3.476745551887329,-0.39211505125011875,-3.0249143507883134,0.5184702191005494,-0.7470144827874857,-0.41612257137960396,8.039469855050907,-5.882321777575134,-6.372551710049921,7.753112533123733,0.0,0.0
853,-0.39482428302561495,-2.8342672427658924,-1.6544823182710005,0.45294552925223913,-0.39493288279890293,0.7992924155867844,3.2100072317370807,-5.296380506874158,4.242350510904365,7.746894928089209,0.0,0.0
854,3.4908355161611464,3.0319242346081756,-0.8505057419154117,-0.20933771902976606,0.5606723814366185,-0.8011393137810714,1.8255558305664492,7.210930865262331,-7.137406297447988,7.740795761199731,0.0,0.0
855,-3.3972566698114686,-3.0948421469781895,-0.8224683025041959,0.11064866396614885,-0.07365041765131924,0.99112687842793,-2.7341152770544856,-3.2474266045740623,6.683451798404656,7.747694197829194,0.0,0.0
856,2.1876977513267253,3.404749089219768,2.2302163443364473,-0.9991589226653027,-0.011815613419358497,0.03926625189442074,-5.595129741406103,3.114126475934442,2.430584271076952,7.7483092676562,0.0,0.0
857,-1.9861749256620398,-0.4563621925195312,-3.038954936702146,-0.05545103522871313,-0.41233012893977106,-0.9093453950290703,-2.064444005786805,-3.454224441703183,-9.996541955436086,7.695179368126548,0.0,0.0
858,2.6455169012809536,-0.9384666518471505,-2.07476787782343,0.24780624268030288,-0.07410752212181367,-0.9659710871727145,5.504563625751425,-0.9013613305918009,-9.275932970101723,7.928382606443603,0.0,0.0
859,2.429263987876735,3.326354953407099,-2.091171954488486,0.15476387712528103,-0.34620324255156154,-0.9253061424112214,3.334001253717291,0.9037674108207245,-9.157660668675202,7.803552276154468,0.0,0.0
860,2.8247890170228733,2.965088156711412,-1.1788490329926116,0.4815241414844671,0.5430015304380403,0.687956277033354,6.44101291379208,7.002701281439591,4.291644916793356,7.784108095427,0.0,0.0
861,1.690445595439018,-1.8386583849229186,1.925733227086166,-0.6499362706507206,0.20787276317672826,0.7310073586646754,-0.4271535023977025,0.5932470754385611,7.207430755118577,7.648163953168866,0.0,0.0
862,2.0883689984576654,-1.9244057301126694,3.2070797047519193,-0.997219932182636,0.010305510242987816,0.07379839643441151,-5.872478742707758,-1.5871965926869747,3.4404993251290468,7.872036208663863,0.0,0.0
863,2.5568293965240474,1.316838087547101,2.0227937872507002,0.902396569487689,0.40688501681157463,-0.14186266059501076,9.872103587758668,4.05638792713779,0.45943607467688213,7.863931505970024,0.0,0.0
864,-0.6518651607136342,-1.1746623713255437,-3.8866136105442597,0.36540910396662796,-0.8692674261382607,0.3329419297614372,2.211741280218239,-8.26608132096625,-1.6758505001652926,7.8834416206583855,0.0,0.0
865,1.0658965004567014,2.4432362696494314,1.385529197833819,-0.7951577269699847,0.38308128231852084,-0.4700775684683595,-5.044188857217799,5.6076767257268525,-2.6570287173270932,7.870215472104567,1.0524465749328038,359.6984572972097
866,4.291495011600651,2.1272155456531667,1.0398047347123383,0.5006188833881275,-0.8650407236976773,-0.03294358723368076,8.274735768133175,-4.508965114971043,0.5073792734836193,7.698956035519193,0.0,0.0
867,0.7134384735671452,-4.171941291695054,2.3714413466457454,0.02425628035951359,0.36624492146883814,0.9302022846464124,1.1282729984497581,-0.7614510880684251,9.638134970441397,7.943179461890755,0.0,0.0
868,0.3645957993476852,0.2503265371797587,-3.0520538510922073,-0.6483109071134735,0.45962118112483835,0.6069936882531102,-4.161694501921476,3.7567769536486457,2.0004420765342976,7.761294419703068,3.523602924195368,2509.005932035535
869,-4.418696787738725,-0.5159503200347684,-1.1344280825913575,-0.17891410963565363,-0.8948845256252443,-0.4088660259421941,-6.542843570467186,-7.448139797628841,-4.239966995441646,7.910305708663362,0.0,0.0
870,0.6824391446869291,-3.6457514711512684,0.6922302393359591,0.5662039127334614,-0.7888675490685149,-0.2389584048154685,5.177683019645448,-9.459971038227199,-1.728467235640017,7.678275863913794,0.0,0.0
871,-0.24292610925947444,-3.5465450673750625,2.85810455894691,0.17614923647162437,-0.13230979139724192,0.9754309640312235,0.7510218259839654,-3.726137610540985,10.522493607285734,7.809379179246633,0.0,0.0
872,1.604093475227564,3.802761596493619,-1.116317769022122,-0.8660776934107393,-0.3484888526897907,-0.3584200727181541,-5.035495910550044,0.5254548216182837,-3.9394812667678973,7.9262111697483135,0.0,0.0
873,-4.525695311181521,-1.380861801261793,0.7556252472216152,0.2255442080602718,-0.4629190942419343,0.8572255959761655,-2.5395317874286016,-4.987139729431787,7.412694987314074,7.8450731447458555,0.0,0.0
874,-2.4863900868836035,-2.188221761217888,1.1359523992961977,-0.7963399335423262,0.48099196454572635,0.3667280195025274,-8.815366120853621,0.8652606215802913,3.83868850497269,7.7576648245173585,0.0,0.0
875,2.8555952420971042,-0.7281201161333101,3.946957520106954,-0.37481863079681854,0.6857433827438257,-0.623912659777515,0.7500256396630293,4.704924357349783,-0.6776470965095771,7.6617623257183585,1.7448229384252414,0.0
876,-3.289658429715378,-2.24289263395172,1.0736821208576197,-0.42758544651647723,-0.7837761461493353,-0.45040608194672593,-6.576009526122309,-8.757518958313764,-1.553131009282704,7.772096323047849,0.0,0.0
877,0.5182582785690942,4.884045581877932,-0.7020138700817408,-0.9985507486527956,-0.053266468865836206,-0.007686719684410167,-6.951442727118835,6.124495139700236,-0.49235565365785905,7.876043597333146,0.0,0.0
878,-4.546387061036065,-1.474903608865218,0.4481429360858133,0.6799570805321536,-0.7183454088035587,-0.14709942992764677,0.6438173307080549,-6.650589446864579,-1.3772757349256155,7.697866378029328,0.0,0.0
879,0.30101557676537505,-4.016133948326497,-2.199272032098537,-0.35997537686057546,0.5321883771905117,-0.7662853641023144,-2.32594199340383,0.28044320397838046,-7.755431022900557,7.853067339001736,0.0,0.0
880,-2.7144456504304553,-1.3077000861219839,-0.7049919176632988,0.8157258500700663,0.19324165664247347,0.5452054655499522,3.5425772549728918,0.4663890679309958,3.7112046418527735,7.745596653555902,5.256425253953236,2432.452782233595
881,0.8513493890003029,-3.783085506902341,-3.00942104939115,0.33891594669213665,-0.7522862570611432,0.5649790867941119,3.988717441617895,-9.690104495035914,1.4115218850918172,7.8535476152856045,0.0,0.0
882,3.708747796816825,2.5158619049752757,0.9266212591823906,-0.9182939867678335,0.3240719622124644,-0.2274060623066178,-3.7275795808460557,4.870484162071047,-0.9411168474412445,7.905644555140402,0.0,0.0
883,3.85096944074832,-0.07172702181033908,0.9875182152547829,0.8169672626359616,-0.47997169489732394,-0.3196743090686113,9.871182142840802,-4.49370153100443,-1.78141644412106,7.911043615006546,0.0,0.0
884,0.12523295185252786,-1.3977335303702403,-3.6428618555244325,-0.09301299112084443,-0.3403902553722113,-0.9356725161777462,-0.8936359756367156,-3.2215602334015676,-10.67904229288856,7.692256903369764,0.0,0.0
885,2.328955107957475,2.455602142328242,-1.181869981539956,0.8531754689585844,-0.015953455255521276,0.5213800019493552,9.04325824045208,1.7672664736922588,2.3703239692492626,7.860966966427616,0.0,0.0
886,-3.57921513443094,1.759577079914722,1.541444254967949,0.20441096450655297,-0.40260419516639884,-0.8922589420251932,-1.3827769425098908,-1.644370396502627,-5.419922369769774,7.9285584253004275,0.0,0.0
887,3.053641401573382,3.599181489534405,-1.4755534971464161,0.18038720673643063,0.9828808067308326,-0.03749367154569328,4.284205214627438,11.438468596462721,-1.6309411368502331,7.8653814079167,0.0,0.0
888,-2.976415165892545,-2.105764019179536,-3.2338061525973565,-0.34977683083069677,-0.39909059685608966,-0.8475746953012958,-5.386161340691552,-5.607792389172267,-9.94435290573896,7.838464164376415,0.0,0.0
889,0.35558212931643957,2.2167536773375307,2.867773410666804,-0.36813028769065026,0.9103968365919795,0.1888324421494248,-2.6524284199899086,9.588119275098418,4.201900718840153,7.923638934431258,0.0,0.0
890,2.356673861475781,-0.7303643331501587,-2.106497979920414,-0.7481567361171729,0.2457866571569915,-0.6163200608175028,-4.097310716037021,0.9439849001650606,-5.837085058829974,7.821606210961409,0.0,0.0
891,0.43618919680631724,0.4222499994081847,4.80658081249575,-0.5536477580606113,-0.5174569200073299,-0.6524664711163223,-3.5890884355503134,-3.397329826530093,-0.42847539348766556,7.632055872469188,0.0,0.0
892,-0.9162519371794188,-0.09505130770827339,3.542599653114331,0.6893919152766544,-0.5970576519387916,0.41019623037337016,4.3717728348280245,-4.343022331262594,7.151343536820174,7.800786457309009,0.0,0.0
893,4.135258579881484,0.7839853393200237,-1.1656516397745416,0.0031540092610681933,0.6121202305016321,0.7907584179989549,4.656426436761514,5.730710531528605,4.070122235804071,7.402055674332436,0.0,0.0
894,2.44405031193077,1.5044437066607004,-0.9714203498916232,0.11763956685801977,0.01219960644125093,0.9929814207285735,3.4696044623536753,1.4575061617194442,6.730734801504029,7.807370936872901,0.9794177724633194,0.0
895,-1.541811626049459,1.8461122013626927,-4.19947650456015,-0.3120792623947193,0.8698085191148014,0.3821513758427207,-4.254416741835119,8.69411401942219,-0.9640419691368313,7.886185461174602,0.0,0.0
896,2.6594457530891673,-0.9494750719227407,3.5275342990381158,0.07254329886778144,0.11103170670288681,-0.9911656924530953,3.261764201141465,0.465660363703442,-4.10242327985467,7.892059814782189,0.9921509723383585,0.0
897,2.591483971274052,1.9691977425756781,-1.9231568061627289,-0.9507407119774796,-0.2916135962000348,-0.10513614554394868,-4.78057648650601,-0.5737366197024026,-2.022411844150132,7.843857539884047,3.198104486245609,1572.0784956770176
898,-2.481212057333084,-3.8662529596861432,0.08997372919095498,-0.5501685907237572,-0.7874129043201962,0.2780205745822931,-7.136069403095597,-9.08135039463068,2.461731797304245,7.874215150430861,0.0,0.0
899,-0.764720407665745,0.13885978690487433,-3.8461744036807173,0.6284001964653609,-0.24785598430451625,-0.737347003877235,4.228623067539869,-2.5713304659881997,-9.410198297141653,7.8504756611118705,0.0,0.0
